TimeKey,Time,Hour,Minute,Hour12Label,ShiftName,ShiftKey,IsNightShift,HalfHourBucket,PortWorkingWindow
0,00:00:00,0,0,12 AM,C,3,1,00:00,0
1,00:01:00,0,1,12 AM,C,3,1,00:00,0
2,00:02:00,0,2,12 AM,C,3,1,00:00,0
3,00:03:00,0,3,12 AM,C,3,1,00:00,0
4,00:04:00,0,4,12 AM,C,3,1,00:00,0
5,00:05:00,0,5,12 AM,C,3,1,00:00,0
6,00:06:00,0,6,12 AM,C,3,1,00:00,0
7,00:07:00,0,7,12 AM,C,3,1,00:00,0
8,00:08:00,0,8,12 AM,C,3,1,00:00,0
9,00:09:00,0,9,12 AM,C,3,1,00:00,0
10,00:10:00,0,10,12 AM,C,3,1,00:00,0
11,00:11:00,0,11,12 AM,C,3,1,00:00,0
12,00:12:00,0,12,12 AM,C,3,1,00:00,0
13,00:13:00,0,13,12 AM,C,3,1,00:00,0
14,00:14:00,0,14,12 AM,C,3,1,00:00,0
15,00:15:00,0,15,12 AM,C,3,1,00:00,0
16,00:16:00,0,16,12 AM,C,3,1,00:00,0
17,00:17:00,0,17,12 AM,C,3,1,00:00,0
18,00:18:00,0,18,12 AM,C,3,1,00:00,0
19,00:19:00,0,19,12 AM,C,3,1,00:00,0
20,00:20:00,0,20,12 AM,C,3,1,00:00,0
21,00:21:00,0,21,12 AM,C,3,1,00:00,0
22,00:22:00,0,22,12 AM,C,3,1,00:00,0
23,00:23:00,0,23,12 AM,C,3,1,00:00,0
24,00:24:00,0,24,12 AM,C,3,1,00:00,0
25,00:25:00,0,25,12 AM,C,3,1,00:00,0
26,00:26:00,0,26,12 AM,C,3,1,00:00,0
27,00:27:00,0,27,12 AM,C,3,1,00:00,0
28,00:28:00,0,28,12 AM,C,3,1,00:00,0
29,00:29:00,0,29,12 AM,C,3,1,00:00,0
30,00:30:00,0,30,12 AM,C,3,1,00:30,0
31,00:31:00,0,31,12 AM,C,3,1,00:30,0
32,00:32:00,0,32,12 AM,C,3,1,00:30,0
33,00:33:00,0,33,12 AM,C,3,1,00:30,0
34,00:34:00,0,34,12 AM,C,3,1,00:30,0
35,00:35:00,0,35,12 AM,C,3,1,00:30,0
36,00:36:00,0,36,12 AM,C,3,1,00:30,0
37,00:37:00,0,37,12 AM,C,3,1,00:30,0
38,00:38:00,0,38,12 AM,C,3,1,00:30,0
39,00:39:00,0,39,12 AM,C,3,1,00:30,0
40,00:40:00,0,40,12 AM,C,3,1,00:30,0
41,00:41:00,0,41,12 AM,C,3,1,00:30,0
42,00:42:00,0,42,12 AM,C,3,1,00:30,0
43,00:43:00,0,43,12 AM,C,3,1,00:30,0
44,00:44:00,0,44,12 AM,C,3,1,00:30,0
45,00:45:00,0,45,12 AM,C,3,1,00:30,0
46,00:46:00,0,46,12 AM,C,3,1,00:30,0
47,00:47:00,0,47,12 AM,C,3,1,00:30,0
48,00:48:00,0,48,12 AM,C,3,1,00:30,0
49,00:49:00,0,49,12 AM,C,3,1,00:30,0
50,00:50:00,0,50,12 AM,C,3,1,00:30,0
51,00:51:00,0,51,12 AM,C,3,1,00:30,0
52,00:52:00,0,52,12 AM,C,3,1,00:30,0
53,00:53:00,0,53,12 AM,C,3,1,00:30,0
54,00:54:00,0,54,12 AM,C,3,1,00:30,0
55,00:55:00,0,55,12 AM,C,3,1,00:30,0
56,00:56:00,0,56,12 AM,C,3,1,00:30,0
57,00:57:00,0,57,12 AM,C,3,1,00:30,0
58,00:58:00,0,58,12 AM,C,3,1,00:30,0
59,00:59:00,0,59,12 AM,C,3,1,00:30,0
100,01:00:00,1,0,1 AM,C,3,1,01:00,0
101,01:01:00,1,1,1 AM,C,3,1,01:00,0
102,01:02:00,1,2,1 AM,C,3,1,01:00,0
103,01:03:00,1,3,1 AM,C,3,1,01:00,0
104,01:04:00,1,4,1 AM,C,3,1,01:00,0
105,01:05:00,1,5,1 AM,C,3,1,01:00,0
106,01:06:00,1,6,1 AM,C,3,1,01:00,0
107,01:07:00,1,7,1 AM,C,3,1,01:00,0
108,01:08:00,1,8,1 AM,C,3,1,01:00,0
109,01:09:00,1,9,1 AM,C,3,1,01:00,0
110,01:10:00,1,10,1 AM,C,3,1,01:00,0
111,01:11:00,1,11,1 AM,C,3,1,01:00,0
112,01:12:00,1,12,1 AM,C,3,1,01:00,0
113,01:13:00,1,13,1 AM,C,3,1,01:00,0
114,01:14:00,1,14,1 AM,C,3,1,01:00,0
115,01:15:00,1,15,1 AM,C,3,1,01:00,0
116,01:16:00,1,16,1 AM,C,3,1,01:00,0
117,01:17:00,1,17,1 AM,C,3,1,01:00,0
118,01:18:00,1,18,1 AM,C,3,1,01:00,0
119,01:19:00,1,19,1 AM,C,3,1,01:00,0
120,01:20:00,1,20,1 AM,C,3,1,01:00,0
121,01:21:00,1,21,1 AM,C,3,1,01:00,0
122,01:22:00,1,22,1 AM,C,3,1,01:00,0
123,01:23:00,1,23,1 AM,C,3,1,01:00,0
124,01:24:00,1,24,1 AM,C,3,1,01:00,0
125,01:25:00,1,25,1 AM,C,3,1,01:00,0
126,01:26:00,1,26,1 AM,C,3,1,01:00,0
127,01:27:00,1,27,1 AM,C,3,1,01:00,0
128,01:28:00,1,28,1 AM,C,3,1,01:00,0
129,01:29:00,1,29,1 AM,C,3,1,01:00,0
130,01:30:00,1,30,1 AM,C,3,1,01:30,0
131,01:31:00,1,31,1 AM,C,3,1,01:30,0
132,01:32:00,1,32,1 AM,C,3,1,01:30,0
133,01:33:00,1,33,1 AM,C,3,1,01:30,0
134,01:34:00,1,34,1 AM,C,3,1,01:30,0
135,01:35:00,1,35,1 AM,C,3,1,01:30,0
136,01:36:00,1,36,1 AM,C,3,1,01:30,0
137,01:37:00,1,37,1 AM,C,3,1,01:30,0
138,01:38:00,1,38,1 AM,C,3,1,01:30,0
139,01:39:00,1,39,1 AM,C,3,1,01:30,0
140,01:40:00,1,40,1 AM,C,3,1,01:30,0
141,01:41:00,1,41,1 AM,C,3,1,01:30,0
142,01:42:00,1,42,1 AM,C,3,1,01:30,0
143,01:43:00,1,43,1 AM,C,3,1,01:30,0
144,01:44:00,1,44,1 AM,C,3,1,01:30,0
145,01:45:00,1,45,1 AM,C,3,1,01:30,0
146,01:46:00,1,46,1 AM,C,3,1,01:30,0
147,01:47:00,1,47,1 AM,C,3,1,01:30,0
148,01:48:00,1,48,1 AM,C,3,1,01:30,0
149,01:49:00,1,49,1 AM,C,3,1,01:30,0
150,01:50:00,1,50,1 AM,C,3,1,01:30,0
151,01:51:00,1,51,1 AM,C,3,1,01:30,0
152,01:52:00,1,52,1 AM,C,3,1,01:30,0
153,01:53:00,1,53,1 AM,C,3,1,01:30,0
154,01:54:00,1,54,1 AM,C,3,1,01:30,0
155,01:55:00,1,55,1 AM,C,3,1,01:30,0
156,01:56:00,1,56,1 AM,C,3,1,01:30,0
157,01:57:00,1,57,1 AM,C,3,1,01:30,0
158,01:58:00,1,58,1 AM,C,3,1,01:30,0
159,01:59:00,1,59,1 AM,C,3,1,01:30,0
200,02:00:00,2,0,2 AM,C,3,1,02:00,0
201,02:01:00,2,1,2 AM,C,3,1,02:00,0
202,02:02:00,2,2,2 AM,C,3,1,02:00,0
203,02:03:00,2,3,2 AM,C,3,1,02:00,0
204,02:04:00,2,4,2 AM,C,3,1,02:00,0
205,02:05:00,2,5,2 AM,C,3,1,02:00,0
206,02:06:00,2,6,2 AM,C,3,1,02:00,0
207,02:07:00,2,7,2 AM,C,3,1,02:00,0
208,02:08:00,2,8,2 AM,C,3,1,02:00,0
209,02:09:00,2,9,2 AM,C,3,1,02:00,0
210,02:10:00,2,10,2 AM,C,3,1,02:00,0
211,02:11:00,2,11,2 AM,C,3,1,02:00,0
212,02:12:00,2,12,2 AM,C,3,1,02:00,0
213,02:13:00,2,13,2 AM,C,3,1,02:00,0
214,02:14:00,2,14,2 AM,C,3,1,02:00,0
215,02:15:00,2,15,2 AM,C,3,1,02:00,0
216,02:16:00,2,16,2 AM,C,3,1,02:00,0
217,02:17:00,2,17,2 AM,C,3,1,02:00,0
218,02:18:00,2,18,2 AM,C,3,1,02:00,0
219,02:19:00,2,19,2 AM,C,3,1,02:00,0
220,02:20:00,2,20,2 AM,C,3,1,02:00,0
221,02:21:00,2,21,2 AM,C,3,1,02:00,0
222,02:22:00,2,22,2 AM,C,3,1,02:00,0
223,02:23:00,2,23,2 AM,C,3,1,02:00,0
224,02:24:00,2,24,2 AM,C,3,1,02:00,0
225,02:25:00,2,25,2 AM,C,3,1,02:00,0
226,02:26:00,2,26,2 AM,C,3,1,02:00,0
227,02:27:00,2,27,2 AM,C,3,1,02:00,0
228,02:28:00,2,28,2 AM,C,3,1,02:00,0
229,02:29:00,2,29,2 AM,C,3,1,02:00,0
230,02:30:00,2,30,2 AM,C,3,1,02:30,0
231,02:31:00,2,31,2 AM,C,3,1,02:30,0
232,02:32:00,2,32,2 AM,C,3,1,02:30,0
233,02:33:00,2,33,2 AM,C,3,1,02:30,0
234,02:34:00,2,34,2 AM,C,3,1,02:30,0
235,02:35:00,2,35,2 AM,C,3,1,02:30,0
236,02:36:00,2,36,2 AM,C,3,1,02:30,0
237,02:37:00,2,37,2 AM,C,3,1,02:30,0
238,02:38:00,2,38,2 AM,C,3,1,02:30,0
239,02:39:00,2,39,2 AM,C,3,1,02:30,0
240,02:40:00,2,40,2 AM,C,3,1,02:30,0
241,02:41:00,2,41,2 AM,C,3,1,02:30,0
242,02:42:00,2,42,2 AM,C,3,1,02:30,0
243,02:43:00,2,43,2 AM,C,3,1,02:30,0
244,02:44:00,2,44,2 AM,C,3,1,02:30,0
245,02:45:00,2,45,2 AM,C,3,1,02:30,0
246,02:46:00,2,46,2 AM,C,3,1,02:30,0
247,02:47:00,2,47,2 AM,C,3,1,02:30,0
248,02:48:00,2,48,2 AM,C,3,1,02:30,0
249,02:49:00,2,49,2 AM,C,3,1,02:30,0
250,02:50:00,2,50,2 AM,C,3,1,02:30,0
251,02:51:00,2,51,2 AM,C,3,1,02:30,0
252,02:52:00,2,52,2 AM,C,3,1,02:30,0
253,02:53:00,2,53,2 AM,C,3,1,02:30,0
254,02:54:00,2,54,2 AM,C,3,1,02:30,0
255,02:55:00,2,55,2 AM,C,3,1,02:30,0
256,02:56:00,2,56,2 AM,C,3,1,02:30,0
257,02:57:00,2,57,2 AM,C,3,1,02:30,0
258,02:58:00,2,58,2 AM,C,3,1,02:30,0
259,02:59:00,2,59,2 AM,C,3,1,02:30,0
300,03:00:00,3,0,3 AM,C,3,1,03:00,0
301,03:01:00,3,1,3 AM,C,3,1,03:00,0
302,03:02:00,3,2,3 AM,C,3,1,03:00,0
303,03:03:00,3,3,3 AM,C,3,1,03:00,0
304,03:04:00,3,4,3 AM,C,3,1,03:00,0
305,03:05:00,3,5,3 AM,C,3,1,03:00,0
306,03:06:00,3,6,3 AM,C,3,1,03:00,0
307,03:07:00,3,7,3 AM,C,3,1,03:00,0
308,03:08:00,3,8,3 AM,C,3,1,03:00,0
309,03:09:00,3,9,3 AM,C,3,1,03:00,0
310,03:10:00,3,10,3 AM,C,3,1,03:00,0
311,03:11:00,3,11,3 AM,C,3,1,03:00,0
312,03:12:00,3,12,3 AM,C,3,1,03:00,0
313,03:13:00,3,13,3 AM,C,3,1,03:00,0
314,03:14:00,3,14,3 AM,C,3,1,03:00,0
315,03:15:00,3,15,3 AM,C,3,1,03:00,0
316,03:16:00,3,16,3 AM,C,3,1,03:00,0
317,03:17:00,3,17,3 AM,C,3,1,03:00,0
318,03:18:00,3,18,3 AM,C,3,1,03:00,0
319,03:19:00,3,19,3 AM,C,3,1,03:00,0
320,03:20:00,3,20,3 AM,C,3,1,03:00,0
321,03:21:00,3,21,3 AM,C,3,1,03:00,0
322,03:22:00,3,22,3 AM,C,3,1,03:00,0
323,03:23:00,3,23,3 AM,C,3,1,03:00,0
324,03:24:00,3,24,3 AM,C,3,1,03:00,0
325,03:25:00,3,25,3 AM,C,3,1,03:00,0
326,03:26:00,3,26,3 AM,C,3,1,03:00,0
327,03:27:00,3,27,3 AM,C,3,1,03:00,0
328,03:28:00,3,28,3 AM,C,3,1,03:00,0
329,03:29:00,3,29,3 AM,C,3,1,03:00,0
330,03:30:00,3,30,3 AM,C,3,1,03:30,0
331,03:31:00,3,31,3 AM,C,3,1,03:30,0
332,03:32:00,3,32,3 AM,C,3,1,03:30,0
333,03:33:00,3,33,3 AM,C,3,1,03:30,0
334,03:34:00,3,34,3 AM,C,3,1,03:30,0
335,03:35:00,3,35,3 AM,C,3,1,03:30,0
336,03:36:00,3,36,3 AM,C,3,1,03:30,0
337,03:37:00,3,37,3 AM,C,3,1,03:30,0
338,03:38:00,3,38,3 AM,C,3,1,03:30,0
339,03:39:00,3,39,3 AM,C,3,1,03:30,0
340,03:40:00,3,40,3 AM,C,3,1,03:30,0
341,03:41:00,3,41,3 AM,C,3,1,03:30,0
342,03:42:00,3,42,3 AM,C,3,1,03:30,0
343,03:43:00,3,43,3 AM,C,3,1,03:30,0
344,03:44:00,3,44,3 AM,C,3,1,03:30,0
345,03:45:00,3,45,3 AM,C,3,1,03:30,0
346,03:46:00,3,46,3 AM,C,3,1,03:30,0
347,03:47:00,3,47,3 AM,C,3,1,03:30,0
348,03:48:00,3,48,3 AM,C,3,1,03:30,0
349,03:49:00,3,49,3 AM,C,3,1,03:30,0
350,03:50:00,3,50,3 AM,C,3,1,03:30,0
351,03:51:00,3,51,3 AM,C,3,1,03:30,0
352,03:52:00,3,52,3 AM,C,3,1,03:30,0
353,03:53:00,3,53,3 AM,C,3,1,03:30,0
354,03:54:00,3,54,3 AM,C,3,1,03:30,0
355,03:55:00,3,55,3 AM,C,3,1,03:30,0
356,03:56:00,3,56,3 AM,C,3,1,03:30,0
357,03:57:00,3,57,3 AM,C,3,1,03:30,0
358,03:58:00,3,58,3 AM,C,3,1,03:30,0
359,03:59:00,3,59,3 AM,C,3,1,03:30,0
400,04:00:00,4,0,4 AM,C,3,1,04:00,0
401,04:01:00,4,1,4 AM,C,3,1,04:00,0
402,04:02:00,4,2,4 AM,C,3,1,04:00,0
403,04:03:00,4,3,4 AM,C,3,1,04:00,0
404,04:04:00,4,4,4 AM,C,3,1,04:00,0
405,04:05:00,4,5,4 AM,C,3,1,04:00,0
406,04:06:00,4,6,4 AM,C,3,1,04:00,0
407,04:07:00,4,7,4 AM,C,3,1,04:00,0
408,04:08:00,4,8,4 AM,C,3,1,04:00,0
409,04:09:00,4,9,4 AM,C,3,1,04:00,0
410,04:10:00,4,10,4 AM,C,3,1,04:00,0
411,04:11:00,4,11,4 AM,C,3,1,04:00,0
412,04:12:00,4,12,4 AM,C,3,1,04:00,0
413,04:13:00,4,13,4 AM,C,3,1,04:00,0
414,04:14:00,4,14,4 AM,C,3,1,04:00,0
415,04:15:00,4,15,4 AM,C,3,1,04:00,0
416,04:16:00,4,16,4 AM,C,3,1,04:00,0
417,04:17:00,4,17,4 AM,C,3,1,04:00,0
418,04:18:00,4,18,4 AM,C,3,1,04:00,0
419,04:19:00,4,19,4 AM,C,3,1,04:00,0
420,04:20:00,4,20,4 AM,C,3,1,04:00,0
421,04:21:00,4,21,4 AM,C,3,1,04:00,0
422,04:22:00,4,22,4 AM,C,3,1,04:00,0
423,04:23:00,4,23,4 AM,C,3,1,04:00,0
424,04:24:00,4,24,4 AM,C,3,1,04:00,0
425,04:25:00,4,25,4 AM,C,3,1,04:00,0
426,04:26:00,4,26,4 AM,C,3,1,04:00,0
427,04:27:00,4,27,4 AM,C,3,1,04:00,0
428,04:28:00,4,28,4 AM,C,3,1,04:00,0
429,04:29:00,4,29,4 AM,C,3,1,04:00,0
430,04:30:00,4,30,4 AM,C,3,1,04:30,0
431,04:31:00,4,31,4 AM,C,3,1,04:30,0
432,04:32:00,4,32,4 AM,C,3,1,04:30,0
433,04:33:00,4,33,4 AM,C,3,1,04:30,0
434,04:34:00,4,34,4 AM,C,3,1,04:30,0
435,04:35:00,4,35,4 AM,C,3,1,04:30,0
436,04:36:00,4,36,4 AM,C,3,1,04:30,0
437,04:37:00,4,37,4 AM,C,3,1,04:30,0
438,04:38:00,4,38,4 AM,C,3,1,04:30,0
439,04:39:00,4,39,4 AM,C,3,1,04:30,0
440,04:40:00,4,40,4 AM,C,3,1,04:30,0
441,04:41:00,4,41,4 AM,C,3,1,04:30,0
442,04:42:00,4,42,4 AM,C,3,1,04:30,0
443,04:43:00,4,43,4 AM,C,3,1,04:30,0
444,04:44:00,4,44,4 AM,C,3,1,04:30,0
445,04:45:00,4,45,4 AM,C,3,1,04:30,0
446,04:46:00,4,46,4 AM,C,3,1,04:30,0
447,04:47:00,4,47,4 AM,C,3,1,04:30,0
448,04:48:00,4,48,4 AM,C,3,1,04:30,0
449,04:49:00,4,49,4 AM,C,3,1,04:30,0
450,04:50:00,4,50,4 AM,C,3,1,04:30,0
451,04:51:00,4,51,4 AM,C,3,1,04:30,0
452,04:52:00,4,52,4 AM,C,3,1,04:30,0
453,04:53:00,4,53,4 AM,C,3,1,04:30,0
454,04:54:00,4,54,4 AM,C,3,1,04:30,0
455,04:55:00,4,55,4 AM,C,3,1,04:30,0
456,04:56:00,4,56,4 AM,C,3,1,04:30,0
457,04:57:00,4,57,4 AM,C,3,1,04:30,0
458,04:58:00,4,58,4 AM,C,3,1,04:30,0
459,04:59:00,4,59,4 AM,C,3,1,04:30,0
500,05:00:00,5,0,5 AM,C,3,1,05:00,0
501,05:01:00,5,1,5 AM,C,3,1,05:00,0
502,05:02:00,5,2,5 AM,C,3,1,05:00,0
503,05:03:00,5,3,5 AM,C,3,1,05:00,0
504,05:04:00,5,4,5 AM,C,3,1,05:00,0
505,05:05:00,5,5,5 AM,C,3,1,05:00,0
506,05:06:00,5,6,5 AM,C,3,1,05:00,0
507,05:07:00,5,7,5 AM,C,3,1,05:00,0
508,05:08:00,5,8,5 AM,C,3,1,05:00,0
509,05:09:00,5,9,5 AM,C,3,1,05:00,0
510,05:10:00,5,10,5 AM,C,3,1,05:00,0
511,05:11:00,5,11,5 AM,C,3,1,05:00,0
512,05:12:00,5,12,5 AM,C,3,1,05:00,0
513,05:13:00,5,13,5 AM,C,3,1,05:00,0
514,05:14:00,5,14,5 AM,C,3,1,05:00,0
515,05:15:00,5,15,5 AM,C,3,1,05:00,0
516,05:16:00,5,16,5 AM,C,3,1,05:00,0
517,05:17:00,5,17,5 AM,C,3,1,05:00,0
518,05:18:00,5,18,5 AM,C,3,1,05:00,0
519,05:19:00,5,19,5 AM,C,3,1,05:00,0
520,05:20:00,5,20,5 AM,C,3,1,05:00,0
521,05:21:00,5,21,5 AM,C,3,1,05:00,0
522,05:22:00,5,22,5 AM,C,3,1,05:00,0
523,05:23:00,5,23,5 AM,C,3,1,05:00,0
524,05:24:00,5,24,5 AM,C,3,1,05:00,0
525,05:25:00,5,25,5 AM,C,3,1,05:00,0
526,05:26:00,5,26,5 AM,C,3,1,05:00,0
527,05:27:00,5,27,5 AM,C,3,1,05:00,0
528,05:28:00,5,28,5 AM,C,3,1,05:00,0
529,05:29:00,5,29,5 AM,C,3,1,05:00,0
530,05:30:00,5,30,5 AM,C,3,1,05:30,0
531,05:31:00,5,31,5 AM,C,3,1,05:30,0
532,05:32:00,5,32,5 AM,C,3,1,05:30,0
533,05:33:00,5,33,5 AM,C,3,1,05:30,0
534,05:34:00,5,34,5 AM,C,3,1,05:30,0
535,05:35:00,5,35,5 AM,C,3,1,05:30,0
536,05:36:00,5,36,5 AM,C,3,1,05:30,0
537,05:37:00,5,37,5 AM,C,3,1,05:30,0
538,05:38:00,5,38,5 AM,C,3,1,05:30,0
539,05:39:00,5,39,5 AM,C,3,1,05:30,0
540,05:40:00,5,40,5 AM,C,3,1,05:30,0
541,05:41:00,5,41,5 AM,C,3,1,05:30,0
542,05:42:00,5,42,5 AM,C,3,1,05:30,0
543,05:43:00,5,43,5 AM,C,3,1,05:30,0
544,05:44:00,5,44,5 AM,C,3,1,05:30,0
545,05:45:00,5,45,5 AM,C,3,1,05:30,0
546,05:46:00,5,46,5 AM,C,3,1,05:30,0
547,05:47:00,5,47,5 AM,C,3,1,05:30,0
548,05:48:00,5,48,5 AM,C,3,1,05:30,0
549,05:49:00,5,49,5 AM,C,3,1,05:30,0
550,05:50:00,5,50,5 AM,C,3,1,05:30,0
551,05:51:00,5,51,5 AM,C,3,1,05:30,0
552,05:52:00,5,52,5 AM,C,3,1,05:30,0
553,05:53:00,5,53,5 AM,C,3,1,05:30,0
554,05:54:00,5,54,5 AM,C,3,1,05:30,0
555,05:55:00,5,55,5 AM,C,3,1,05:30,0
556,05:56:00,5,56,5 AM,C,3,1,05:30,0
557,05:57:00,5,57,5 AM,C,3,1,05:30,0
558,05:58:00,5,58,5 AM,C,3,1,05:30,0
559,05:59:00,5,59,5 AM,C,3,1,05:30,0
600,06:00:00,6,0,6 AM,A,1,0,06:00,1
601,06:01:00,6,1,6 AM,A,1,0,06:00,1
602,06:02:00,6,2,6 AM,A,1,0,06:00,1
603,06:03:00,6,3,6 AM,A,1,0,06:00,1
604,06:04:00,6,4,6 AM,A,1,0,06:00,1
605,06:05:00,6,5,6 AM,A,1,0,06:00,1
606,06:06:00,6,6,6 AM,A,1,0,06:00,1
607,06:07:00,6,7,6 AM,A,1,0,06:00,1
608,06:08:00,6,8,6 AM,A,1,0,06:00,1
609,06:09:00,6,9,6 AM,A,1,0,06:00,1
610,06:10:00,6,10,6 AM,A,1,0,06:00,1
611,06:11:00,6,11,6 AM,A,1,0,06:00,1
612,06:12:00,6,12,6 AM,A,1,0,06:00,1
613,06:13:00,6,13,6 AM,A,1,0,06:00,1
614,06:14:00,6,14,6 AM,A,1,0,06:00,1
615,06:15:00,6,15,6 AM,A,1,0,06:00,1
616,06:16:00,6,16,6 AM,A,1,0,06:00,1
617,06:17:00,6,17,6 AM,A,1,0,06:00,1
618,06:18:00,6,18,6 AM,A,1,0,06:00,1
619,06:19:00,6,19,6 AM,A,1,0,06:00,1
620,06:20:00,6,20,6 AM,A,1,0,06:00,1
621,06:21:00,6,21,6 AM,A,1,0,06:00,1
622,06:22:00,6,22,6 AM,A,1,0,06:00,1
623,06:23:00,6,23,6 AM,A,1,0,06:00,1
624,06:24:00,6,24,6 AM,A,1,0,06:00,1
625,06:25:00,6,25,6 AM,A,1,0,06:00,1
626,06:26:00,6,26,6 AM,A,1,0,06:00,1
627,06:27:00,6,27,6 AM,A,1,0,06:00,1
628,06:28:00,6,28,6 AM,A,1,0,06:00,1
629,06:29:00,6,29,6 AM,A,1,0,06:00,1
630,06:30:00,6,30,6 AM,A,1,0,06:30,1
631,06:31:00,6,31,6 AM,A,1,0,06:30,1
632,06:32:00,6,32,6 AM,A,1,0,06:30,1
633,06:33:00,6,33,6 AM,A,1,0,06:30,1
634,06:34:00,6,34,6 AM,A,1,0,06:30,1
635,06:35:00,6,35,6 AM,A,1,0,06:30,1
636,06:36:00,6,36,6 AM,A,1,0,06:30,1
637,06:37:00,6,37,6 AM,A,1,0,06:30,1
638,06:38:00,6,38,6 AM,A,1,0,06:30,1
639,06:39:00,6,39,6 AM,A,1,0,06:30,1
640,06:40:00,6,40,6 AM,A,1,0,06:30,1
641,06:41:00,6,41,6 AM,A,1,0,06:30,1
642,06:42:00,6,42,6 AM,A,1,0,06:30,1
643,06:43:00,6,43,6 AM,A,1,0,06:30,1
644,06:44:00,6,44,6 AM,A,1,0,06:30,1
645,06:45:00,6,45,6 AM,A,1,0,06:30,1
646,06:46:00,6,46,6 AM,A,1,0,06:30,1
647,06:47:00,6,47,6 AM,A,1,0,06:30,1
648,06:48:00,6,48,6 AM,A,1,0,06:30,1
649,06:49:00,6,49,6 AM,A,1,0,06:30,1
650,06:50:00,6,50,6 AM,A,1,0,06:30,1
651,06:51:00,6,51,6 AM,A,1,0,06:30,1
652,06:52:00,6,52,6 AM,A,1,0,06:30,1
653,06:53:00,6,53,6 AM,A,1,0,06:30,1
654,06:54:00,6,54,6 AM,A,1,0,06:30,1
655,06:55:00,6,55,6 AM,A,1,0,06:30,1
656,06:56:00,6,56,6 AM,A,1,0,06:30,1
657,06:57:00,6,57,6 AM,A,1,0,06:30,1
658,06:58:00,6,58,6 AM,A,1,0,06:30,1
659,06:59:00,6,59,6 AM,A,1,0,06:30,1
700,07:00:00,7,0,7 AM,A,1,0,07:00,1
701,07:01:00,7,1,7 AM,A,1,0,07:00,1
702,07:02:00,7,2,7 AM,A,1,0,07:00,1
703,07:03:00,7,3,7 AM,A,1,0,07:00,1
704,07:04:00,7,4,7 AM,A,1,0,07:00,1
705,07:05:00,7,5,7 AM,A,1,0,07:00,1
706,07:06:00,7,6,7 AM,A,1,0,07:00,1
707,07:07:00,7,7,7 AM,A,1,0,07:00,1
708,07:08:00,7,8,7 AM,A,1,0,07:00,1
709,07:09:00,7,9,7 AM,A,1,0,07:00,1
710,07:10:00,7,10,7 AM,A,1,0,07:00,1
711,07:11:00,7,11,7 AM,A,1,0,07:00,1
712,07:12:00,7,12,7 AM,A,1,0,07:00,1
713,07:13:00,7,13,7 AM,A,1,0,07:00,1
714,07:14:00,7,14,7 AM,A,1,0,07:00,1
715,07:15:00,7,15,7 AM,A,1,0,07:00,1
716,07:16:00,7,16,7 AM,A,1,0,07:00,1
717,07:17:00,7,17,7 AM,A,1,0,07:00,1
718,07:18:00,7,18,7 AM,A,1,0,07:00,1
719,07:19:00,7,19,7 AM,A,1,0,07:00,1
720,07:20:00,7,20,7 AM,A,1,0,07:00,1
721,07:21:00,7,21,7 AM,A,1,0,07:00,1
722,07:22:00,7,22,7 AM,A,1,0,07:00,1
723,07:23:00,7,23,7 AM,A,1,0,07:00,1
724,07:24:00,7,24,7 AM,A,1,0,07:00,1
725,07:25:00,7,25,7 AM,A,1,0,07:00,1
726,07:26:00,7,26,7 AM,A,1,0,07:00,1
727,07:27:00,7,27,7 AM,A,1,0,07:00,1
728,07:28:00,7,28,7 AM,A,1,0,07:00,1
729,07:29:00,7,29,7 AM,A,1,0,07:00,1
730,07:30:00,7,30,7 AM,A,1,0,07:30,1
731,07:31:00,7,31,7 AM,A,1,0,07:30,1
732,07:32:00,7,32,7 AM,A,1,0,07:30,1
733,07:33:00,7,33,7 AM,A,1,0,07:30,1
734,07:34:00,7,34,7 AM,A,1,0,07:30,1
735,07:35:00,7,35,7 AM,A,1,0,07:30,1
736,07:36:00,7,36,7 AM,A,1,0,07:30,1
737,07:37:00,7,37,7 AM,A,1,0,07:30,1
738,07:38:00,7,38,7 AM,A,1,0,07:30,1
739,07:39:00,7,39,7 AM,A,1,0,07:30,1
740,07:40:00,7,40,7 AM,A,1,0,07:30,1
741,07:41:00,7,41,7 AM,A,1,0,07:30,1
742,07:42:00,7,42,7 AM,A,1,0,07:30,1
743,07:43:00,7,43,7 AM,A,1,0,07:30,1
744,07:44:00,7,44,7 AM,A,1,0,07:30,1
745,07:45:00,7,45,7 AM,A,1,0,07:30,1
746,07:46:00,7,46,7 AM,A,1,0,07:30,1
747,07:47:00,7,47,7 AM,A,1,0,07:30,1
748,07:48:00,7,48,7 AM,A,1,0,07:30,1
749,07:49:00,7,49,7 AM,A,1,0,07:30,1
750,07:50:00,7,50,7 AM,A,1,0,07:30,1
751,07:51:00,7,51,7 AM,A,1,0,07:30,1
752,07:52:00,7,52,7 AM,A,1,0,07:30,1
753,07:53:00,7,53,7 AM,A,1,0,07:30,1
754,07:54:00,7,54,7 AM,A,1,0,07:30,1
755,07:55:00,7,55,7 AM,A,1,0,07:30,1
756,07:56:00,7,56,7 AM,A,1,0,07:30,1
757,07:57:00,7,57,7 AM,A,1,0,07:30,1
758,07:58:00,7,58,7 AM,A,1,0,07:30,1
759,07:59:00,7,59,7 AM,A,1,0,07:30,1
800,08:00:00,8,0,8 AM,A,1,0,08:00,1
801,08:01:00,8,1,8 AM,A,1,0,08:00,1
802,08:02:00,8,2,8 AM,A,1,0,08:00,1
803,08:03:00,8,3,8 AM,A,1,0,08:00,1
804,08:04:00,8,4,8 AM,A,1,0,08:00,1
805,08:05:00,8,5,8 AM,A,1,0,08:00,1
806,08:06:00,8,6,8 AM,A,1,0,08:00,1
807,08:07:00,8,7,8 AM,A,1,0,08:00,1
808,08:08:00,8,8,8 AM,A,1,0,08:00,1
809,08:09:00,8,9,8 AM,A,1,0,08:00,1
810,08:10:00,8,10,8 AM,A,1,0,08:00,1
811,08:11:00,8,11,8 AM,A,1,0,08:00,1
812,08:12:00,8,12,8 AM,A,1,0,08:00,1
813,08:13:00,8,13,8 AM,A,1,0,08:00,1
814,08:14:00,8,14,8 AM,A,1,0,08:00,1
815,08:15:00,8,15,8 AM,A,1,0,08:00,1
816,08:16:00,8,16,8 AM,A,1,0,08:00,1
817,08:17:00,8,17,8 AM,A,1,0,08:00,1
818,08:18:00,8,18,8 AM,A,1,0,08:00,1
819,08:19:00,8,19,8 AM,A,1,0,08:00,1
820,08:20:00,8,20,8 AM,A,1,0,08:00,1
821,08:21:00,8,21,8 AM,A,1,0,08:00,1
822,08:22:00,8,22,8 AM,A,1,0,08:00,1
823,08:23:00,8,23,8 AM,A,1,0,08:00,1
824,08:24:00,8,24,8 AM,A,1,0,08:00,1
825,08:25:00,8,25,8 AM,A,1,0,08:00,1
826,08:26:00,8,26,8 AM,A,1,0,08:00,1
827,08:27:00,8,27,8 AM,A,1,0,08:00,1
828,08:28:00,8,28,8 AM,A,1,0,08:00,1
829,08:29:00,8,29,8 AM,A,1,0,08:00,1
830,08:30:00,8,30,8 AM,A,1,0,08:30,1
831,08:31:00,8,31,8 AM,A,1,0,08:30,1
832,08:32:00,8,32,8 AM,A,1,0,08:30,1
833,08:33:00,8,33,8 AM,A,1,0,08:30,1
834,08:34:00,8,34,8 AM,A,1,0,08:30,1
835,08:35:00,8,35,8 AM,A,1,0,08:30,1
836,08:36:00,8,36,8 AM,A,1,0,08:30,1
837,08:37:00,8,37,8 AM,A,1,0,08:30,1
838,08:38:00,8,38,8 AM,A,1,0,08:30,1
839,08:39:00,8,39,8 AM,A,1,0,08:30,1
840,08:40:00,8,40,8 AM,A,1,0,08:30,1
841,08:41:00,8,41,8 AM,A,1,0,08:30,1
842,08:42:00,8,42,8 AM,A,1,0,08:30,1
843,08:43:00,8,43,8 AM,A,1,0,08:30,1
844,08:44:00,8,44,8 AM,A,1,0,08:30,1
845,08:45:00,8,45,8 AM,A,1,0,08:30,1
846,08:46:00,8,46,8 AM,A,1,0,08:30,1
847,08:47:00,8,47,8 AM,A,1,0,08:30,1
848,08:48:00,8,48,8 AM,A,1,0,08:30,1
849,08:49:00,8,49,8 AM,A,1,0,08:30,1
850,08:50:00,8,50,8 AM,A,1,0,08:30,1
851,08:51:00,8,51,8 AM,A,1,0,08:30,1
852,08:52:00,8,52,8 AM,A,1,0,08:30,1
853,08:53:00,8,53,8 AM,A,1,0,08:30,1
854,08:54:00,8,54,8 AM,A,1,0,08:30,1
855,08:55:00,8,55,8 AM,A,1,0,08:30,1
856,08:56:00,8,56,8 AM,A,1,0,08:30,1
857,08:57:00,8,57,8 AM,A,1,0,08:30,1
858,08:58:00,8,58,8 AM,A,1,0,08:30,1
859,08:59:00,8,59,8 AM,A,1,0,08:30,1
900,09:00:00,9,0,9 AM,A,1,0,09:00,1
901,09:01:00,9,1,9 AM,A,1,0,09:00,1
902,09:02:00,9,2,9 AM,A,1,0,09:00,1
903,09:03:00,9,3,9 AM,A,1,0,09:00,1
904,09:04:00,9,4,9 AM,A,1,0,09:00,1
905,09:05:00,9,5,9 AM,A,1,0,09:00,1
906,09:06:00,9,6,9 AM,A,1,0,09:00,1
907,09:07:00,9,7,9 AM,A,1,0,09:00,1
908,09:08:00,9,8,9 AM,A,1,0,09:00,1
909,09:09:00,9,9,9 AM,A,1,0,09:00,1
910,09:10:00,9,10,9 AM,A,1,0,09:00,1
911,09:11:00,9,11,9 AM,A,1,0,09:00,1
912,09:12:00,9,12,9 AM,A,1,0,09:00,1
913,09:13:00,9,13,9 AM,A,1,0,09:00,1
914,09:14:00,9,14,9 AM,A,1,0,09:00,1
915,09:15:00,9,15,9 AM,A,1,0,09:00,1
916,09:16:00,9,16,9 AM,A,1,0,09:00,1
917,09:17:00,9,17,9 AM,A,1,0,09:00,1
918,09:18:00,9,18,9 AM,A,1,0,09:00,1
919,09:19:00,9,19,9 AM,A,1,0,09:00,1
920,09:20:00,9,20,9 AM,A,1,0,09:00,1
921,09:21:00,9,21,9 AM,A,1,0,09:00,1
922,09:22:00,9,22,9 AM,A,1,0,09:00,1
923,09:23:00,9,23,9 AM,A,1,0,09:00,1
924,09:24:00,9,24,9 AM,A,1,0,09:00,1
925,09:25:00,9,25,9 AM,A,1,0,09:00,1
926,09:26:00,9,26,9 AM,A,1,0,09:00,1
927,09:27:00,9,27,9 AM,A,1,0,09:00,1
928,09:28:00,9,28,9 AM,A,1,0,09:00,1
929,09:29:00,9,29,9 AM,A,1,0,09:00,1
930,09:30:00,9,30,9 AM,A,1,0,09:30,1
931,09:31:00,9,31,9 AM,A,1,0,09:30,1
932,09:32:00,9,32,9 AM,A,1,0,09:30,1
933,09:33:00,9,33,9 AM,A,1,0,09:30,1
934,09:34:00,9,34,9 AM,A,1,0,09:30,1
935,09:35:00,9,35,9 AM,A,1,0,09:30,1
936,09:36:00,9,36,9 AM,A,1,0,09:30,1
937,09:37:00,9,37,9 AM,A,1,0,09:30,1
938,09:38:00,9,38,9 AM,A,1,0,09:30,1
939,09:39:00,9,39,9 AM,A,1,0,09:30,1
940,09:40:00,9,40,9 AM,A,1,0,09:30,1
941,09:41:00,9,41,9 AM,A,1,0,09:30,1
942,09:42:00,9,42,9 AM,A,1,0,09:30,1
943,09:43:00,9,43,9 AM,A,1,0,09:30,1
944,09:44:00,9,44,9 AM,A,1,0,09:30,1
945,09:45:00,9,45,9 AM,A,1,0,09:30,1
946,09:46:00,9,46,9 AM,A,1,0,09:30,1
947,09:47:00,9,47,9 AM,A,1,0,09:30,1
948,09:48:00,9,48,9 AM,A,1,0,09:30,1
949,09:49:00,9,49,9 AM,A,1,0,09:30,1
950,09:50:00,9,50,9 AM,A,1,0,09:30,1
951,09:51:00,9,51,9 AM,A,1,0,09:30,1
952,09:52:00,9,52,9 AM,A,1,0,09:30,1
953,09:53:00,9,53,9 AM,A,1,0,09:30,1
954,09:54:00,9,54,9 AM,A,1,0,09:30,1
955,09:55:00,9,55,9 AM,A,1,0,09:30,1
956,09:56:00,9,56,9 AM,A,1,0,09:30,1
957,09:57:00,9,57,9 AM,A,1,0,09:30,1
958,09:58:00,9,58,9 AM,A,1,0,09:30,1
959,09:59:00,9,59,9 AM,A,1,0,09:30,1
1000,10:00:00,10,0,10 AM,A,1,0,10:00,1
1001,10:01:00,10,1,10 AM,A,1,0,10:00,1
1002,10:02:00,10,2,10 AM,A,1,0,10:00,1
1003,10:03:00,10,3,10 AM,A,1,0,10:00,1
1004,10:04:00,10,4,10 AM,A,1,0,10:00,1
1005,10:05:00,10,5,10 AM,A,1,0,10:00,1
1006,10:06:00,10,6,10 AM,A,1,0,10:00,1
1007,10:07:00,10,7,10 AM,A,1,0,10:00,1
1008,10:08:00,10,8,10 AM,A,1,0,10:00,1
1009,10:09:00,10,9,10 AM,A,1,0,10:00,1
1010,10:10:00,10,10,10 AM,A,1,0,10:00,1
1011,10:11:00,10,11,10 AM,A,1,0,10:00,1
1012,10:12:00,10,12,10 AM,A,1,0,10:00,1
1013,10:13:00,10,13,10 AM,A,1,0,10:00,1
1014,10:14:00,10,14,10 AM,A,1,0,10:00,1
1015,10:15:00,10,15,10 AM,A,1,0,10:00,1
1016,10:16:00,10,16,10 AM,A,1,0,10:00,1
1017,10:17:00,10,17,10 AM,A,1,0,10:00,1
1018,10:18:00,10,18,10 AM,A,1,0,10:00,1
1019,10:19:00,10,19,10 AM,A,1,0,10:00,1
1020,10:20:00,10,20,10 AM,A,1,0,10:00,1
1021,10:21:00,10,21,10 AM,A,1,0,10:00,1
1022,10:22:00,10,22,10 AM,A,1,0,10:00,1
1023,10:23:00,10,23,10 AM,A,1,0,10:00,1
1024,10:24:00,10,24,10 AM,A,1,0,10:00,1
1025,10:25:00,10,25,10 AM,A,1,0,10:00,1
1026,10:26:00,10,26,10 AM,A,1,0,10:00,1
1027,10:27:00,10,27,10 AM,A,1,0,10:00,1
1028,10:28:00,10,28,10 AM,A,1,0,10:00,1
1029,10:29:00,10,29,10 AM,A,1,0,10:00,1
1030,10:30:00,10,30,10 AM,A,1,0,10:30,1
1031,10:31:00,10,31,10 AM,A,1,0,10:30,1
1032,10:32:00,10,32,10 AM,A,1,0,10:30,1
1033,10:33:00,10,33,10 AM,A,1,0,10:30,1
1034,10:34:00,10,34,10 AM,A,1,0,10:30,1
1035,10:35:00,10,35,10 AM,A,1,0,10:30,1
1036,10:36:00,10,36,10 AM,A,1,0,10:30,1
1037,10:37:00,10,37,10 AM,A,1,0,10:30,1
1038,10:38:00,10,38,10 AM,A,1,0,10:30,1
1039,10:39:00,10,39,10 AM,A,1,0,10:30,1
1040,10:40:00,10,40,10 AM,A,1,0,10:30,1
1041,10:41:00,10,41,10 AM,A,1,0,10:30,1
1042,10:42:00,10,42,10 AM,A,1,0,10:30,1
1043,10:43:00,10,43,10 AM,A,1,0,10:30,1
1044,10:44:00,10,44,10 AM,A,1,0,10:30,1
1045,10:45:00,10,45,10 AM,A,1,0,10:30,1
1046,10:46:00,10,46,10 AM,A,1,0,10:30,1
1047,10:47:00,10,47,10 AM,A,1,0,10:30,1
1048,10:48:00,10,48,10 AM,A,1,0,10:30,1
1049,10:49:00,10,49,10 AM,A,1,0,10:30,1
1050,10:50:00,10,50,10 AM,A,1,0,10:30,1
1051,10:51:00,10,51,10 AM,A,1,0,10:30,1
1052,10:52:00,10,52,10 AM,A,1,0,10:30,1
1053,10:53:00,10,53,10 AM,A,1,0,10:30,1
1054,10:54:00,10,54,10 AM,A,1,0,10:30,1
1055,10:55:00,10,55,10 AM,A,1,0,10:30,1
1056,10:56:00,10,56,10 AM,A,1,0,10:30,1
1057,10:57:00,10,57,10 AM,A,1,0,10:30,1
1058,10:58:00,10,58,10 AM,A,1,0,10:30,1
1059,10:59:00,10,59,10 AM,A,1,0,10:30,1
1100,11:00:00,11,0,11 AM,A,1,0,11:00,1
1101,11:01:00,11,1,11 AM,A,1,0,11:00,1
1102,11:02:00,11,2,11 AM,A,1,0,11:00,1
1103,11:03:00,11,3,11 AM,A,1,0,11:00,1
1104,11:04:00,11,4,11 AM,A,1,0,11:00,1
1105,11:05:00,11,5,11 AM,A,1,0,11:00,1
1106,11:06:00,11,6,11 AM,A,1,0,11:00,1
1107,11:07:00,11,7,11 AM,A,1,0,11:00,1
1108,11:08:00,11,8,11 AM,A,1,0,11:00,1
1109,11:09:00,11,9,11 AM,A,1,0,11:00,1
1110,11:10:00,11,10,11 AM,A,1,0,11:00,1
1111,11:11:00,11,11,11 AM,A,1,0,11:00,1
1112,11:12:00,11,12,11 AM,A,1,0,11:00,1
1113,11:13:00,11,13,11 AM,A,1,0,11:00,1
1114,11:14:00,11,14,11 AM,A,1,0,11:00,1
1115,11:15:00,11,15,11 AM,A,1,0,11:00,1
1116,11:16:00,11,16,11 AM,A,1,0,11:00,1
1117,11:17:00,11,17,11 AM,A,1,0,11:00,1
1118,11:18:00,11,18,11 AM,A,1,0,11:00,1
1119,11:19:00,11,19,11 AM,A,1,0,11:00,1
1120,11:20:00,11,20,11 AM,A,1,0,11:00,1
1121,11:21:00,11,21,11 AM,A,1,0,11:00,1
1122,11:22:00,11,22,11 AM,A,1,0,11:00,1
1123,11:23:00,11,23,11 AM,A,1,0,11:00,1
1124,11:24:00,11,24,11 AM,A,1,0,11:00,1
1125,11:25:00,11,25,11 AM,A,1,0,11:00,1
1126,11:26:00,11,26,11 AM,A,1,0,11:00,1
1127,11:27:00,11,27,11 AM,A,1,0,11:00,1
1128,11:28:00,11,28,11 AM,A,1,0,11:00,1
1129,11:29:00,11,29,11 AM,A,1,0,11:00,1
1130,11:30:00,11,30,11 AM,A,1,0,11:30,1
1131,11:31:00,11,31,11 AM,A,1,0,11:30,1
1132,11:32:00,11,32,11 AM,A,1,0,11:30,1
1133,11:33:00,11,33,11 AM,A,1,0,11:30,1
1134,11:34:00,11,34,11 AM,A,1,0,11:30,1
1135,11:35:00,11,35,11 AM,A,1,0,11:30,1
1136,11:36:00,11,36,11 AM,A,1,0,11:30,1
1137,11:37:00,11,37,11 AM,A,1,0,11:30,1
1138,11:38:00,11,38,11 AM,A,1,0,11:30,1
1139,11:39:00,11,39,11 AM,A,1,0,11:30,1
1140,11:40:00,11,40,11 AM,A,1,0,11:30,1
1141,11:41:00,11,41,11 AM,A,1,0,11:30,1
1142,11:42:00,11,42,11 AM,A,1,0,11:30,1
1143,11:43:00,11,43,11 AM,A,1,0,11:30,1
1144,11:44:00,11,44,11 AM,A,1,0,11:30,1
1145,11:45:00,11,45,11 AM,A,1,0,11:30,1
1146,11:46:00,11,46,11 AM,A,1,0,11:30,1
1147,11:47:00,11,47,11 AM,A,1,0,11:30,1
1148,11:48:00,11,48,11 AM,A,1,0,11:30,1
1149,11:49:00,11,49,11 AM,A,1,0,11:30,1
1150,11:50:00,11,50,11 AM,A,1,0,11:30,1
1151,11:51:00,11,51,11 AM,A,1,0,11:30,1
1152,11:52:00,11,52,11 AM,A,1,0,11:30,1
1153,11:53:00,11,53,11 AM,A,1,0,11:30,1
1154,11:54:00,11,54,11 AM,A,1,0,11:30,1
1155,11:55:00,11,55,11 AM,A,1,0,11:30,1
1156,11:56:00,11,56,11 AM,A,1,0,11:30,1
1157,11:57:00,11,57,11 AM,A,1,0,11:30,1
1158,11:58:00,11,58,11 AM,A,1,0,11:30,1
1159,11:59:00,11,59,11 AM,A,1,0,11:30,1
1200,12:00:00,12,0,12 PM,A,1,0,12:00,1
1201,12:01:00,12,1,12 PM,A,1,0,12:00,1
1202,12:02:00,12,2,12 PM,A,1,0,12:00,1
1203,12:03:00,12,3,12 PM,A,1,0,12:00,1
1204,12:04:00,12,4,12 PM,A,1,0,12:00,1
1205,12:05:00,12,5,12 PM,A,1,0,12:00,1
1206,12:06:00,12,6,12 PM,A,1,0,12:00,1
1207,12:07:00,12,7,12 PM,A,1,0,12:00,1
1208,12:08:00,12,8,12 PM,A,1,0,12:00,1
1209,12:09:00,12,9,12 PM,A,1,0,12:00,1
1210,12:10:00,12,10,12 PM,A,1,0,12:00,1
1211,12:11:00,12,11,12 PM,A,1,0,12:00,1
1212,12:12:00,12,12,12 PM,A,1,0,12:00,1
1213,12:13:00,12,13,12 PM,A,1,0,12:00,1
1214,12:14:00,12,14,12 PM,A,1,0,12:00,1
1215,12:15:00,12,15,12 PM,A,1,0,12:00,1
1216,12:16:00,12,16,12 PM,A,1,0,12:00,1
1217,12:17:00,12,17,12 PM,A,1,0,12:00,1
1218,12:18:00,12,18,12 PM,A,1,0,12:00,1
1219,12:19:00,12,19,12 PM,A,1,0,12:00,1
1220,12:20:00,12,20,12 PM,A,1,0,12:00,1
1221,12:21:00,12,21,12 PM,A,1,0,12:00,1
1222,12:22:00,12,22,12 PM,A,1,0,12:00,1
1223,12:23:00,12,23,12 PM,A,1,0,12:00,1
1224,12:24:00,12,24,12 PM,A,1,0,12:00,1
1225,12:25:00,12,25,12 PM,A,1,0,12:00,1
1226,12:26:00,12,26,12 PM,A,1,0,12:00,1
1227,12:27:00,12,27,12 PM,A,1,0,12:00,1
1228,12:28:00,12,28,12 PM,A,1,0,12:00,1
1229,12:29:00,12,29,12 PM,A,1,0,12:00,1
1230,12:30:00,12,30,12 PM,A,1,0,12:30,1
1231,12:31:00,12,31,12 PM,A,1,0,12:30,1
1232,12:32:00,12,32,12 PM,A,1,0,12:30,1
1233,12:33:00,12,33,12 PM,A,1,0,12:30,1
1234,12:34:00,12,34,12 PM,A,1,0,12:30,1
1235,12:35:00,12,35,12 PM,A,1,0,12:30,1
1236,12:36:00,12,36,12 PM,A,1,0,12:30,1
1237,12:37:00,12,37,12 PM,A,1,0,12:30,1
1238,12:38:00,12,38,12 PM,A,1,0,12:30,1
1239,12:39:00,12,39,12 PM,A,1,0,12:30,1
1240,12:40:00,12,40,12 PM,A,1,0,12:30,1
1241,12:41:00,12,41,12 PM,A,1,0,12:30,1
1242,12:42:00,12,42,12 PM,A,1,0,12:30,1
1243,12:43:00,12,43,12 PM,A,1,0,12:30,1
1244,12:44:00,12,44,12 PM,A,1,0,12:30,1
1245,12:45:00,12,45,12 PM,A,1,0,12:30,1
1246,12:46:00,12,46,12 PM,A,1,0,12:30,1
1247,12:47:00,12,47,12 PM,A,1,0,12:30,1
1248,12:48:00,12,48,12 PM,A,1,0,12:30,1
1249,12:49:00,12,49,12 PM,A,1,0,12:30,1
1250,12:50:00,12,50,12 PM,A,1,0,12:30,1
1251,12:51:00,12,51,12 PM,A,1,0,12:30,1
1252,12:52:00,12,52,12 PM,A,1,0,12:30,1
1253,12:53:00,12,53,12 PM,A,1,0,12:30,1
1254,12:54:00,12,54,12 PM,A,1,0,12:30,1
1255,12:55:00,12,55,12 PM,A,1,0,12:30,1
1256,12:56:00,12,56,12 PM,A,1,0,12:30,1
1257,12:57:00,12,57,12 PM,A,1,0,12:30,1
1258,12:58:00,12,58,12 PM,A,1,0,12:30,1
1259,12:59:00,12,59,12 PM,A,1,0,12:30,1
1300,13:00:00,13,0,1 PM,A,1,0,13:00,1
1301,13:01:00,13,1,1 PM,A,1,0,13:00,1
1302,13:02:00,13,2,1 PM,A,1,0,13:00,1
1303,13:03:00,13,3,1 PM,A,1,0,13:00,1
1304,13:04:00,13,4,1 PM,A,1,0,13:00,1
1305,13:05:00,13,5,1 PM,A,1,0,13:00,1
1306,13:06:00,13,6,1 PM,A,1,0,13:00,1
1307,13:07:00,13,7,1 PM,A,1,0,13:00,1
1308,13:08:00,13,8,1 PM,A,1,0,13:00,1
1309,13:09:00,13,9,1 PM,A,1,0,13:00,1
1310,13:10:00,13,10,1 PM,A,1,0,13:00,1
1311,13:11:00,13,11,1 PM,A,1,0,13:00,1
1312,13:12:00,13,12,1 PM,A,1,0,13:00,1
1313,13:13:00,13,13,1 PM,A,1,0,13:00,1
1314,13:14:00,13,14,1 PM,A,1,0,13:00,1
1315,13:15:00,13,15,1 PM,A,1,0,13:00,1
1316,13:16:00,13,16,1 PM,A,1,0,13:00,1
1317,13:17:00,13,17,1 PM,A,1,0,13:00,1
1318,13:18:00,13,18,1 PM,A,1,0,13:00,1
1319,13:19:00,13,19,1 PM,A,1,0,13:00,1
1320,13:20:00,13,20,1 PM,A,1,0,13:00,1
1321,13:21:00,13,21,1 PM,A,1,0,13:00,1
1322,13:22:00,13,22,1 PM,A,1,0,13:00,1
1323,13:23:00,13,23,1 PM,A,1,0,13:00,1
1324,13:24:00,13,24,1 PM,A,1,0,13:00,1
1325,13:25:00,13,25,1 PM,A,1,0,13:00,1
1326,13:26:00,13,26,1 PM,A,1,0,13:00,1
1327,13:27:00,13,27,1 PM,A,1,0,13:00,1
1328,13:28:00,13,28,1 PM,A,1,0,13:00,1
1329,13:29:00,13,29,1 PM,A,1,0,13:00,1
1330,13:30:00,13,30,1 PM,A,1,0,13:30,1
1331,13:31:00,13,31,1 PM,A,1,0,13:30,1
1332,13:32:00,13,32,1 PM,A,1,0,13:30,1
1333,13:33:00,13,33,1 PM,A,1,0,13:30,1
1334,13:34:00,13,34,1 PM,A,1,0,13:30,1
1335,13:35:00,13,35,1 PM,A,1,0,13:30,1
1336,13:36:00,13,36,1 PM,A,1,0,13:30,1
1337,13:37:00,13,37,1 PM,A,1,0,13:30,1
1338,13:38:00,13,38,1 PM,A,1,0,13:30,1
1339,13:39:00,13,39,1 PM,A,1,0,13:30,1
1340,13:40:00,13,40,1 PM,A,1,0,13:30,1
1341,13:41:00,13,41,1 PM,A,1,0,13:30,1
1342,13:42:00,13,42,1 PM,A,1,0,13:30,1
1343,13:43:00,13,43,1 PM,A,1,0,13:30,1
1344,13:44:00,13,44,1 PM,A,1,0,13:30,1
1345,13:45:00,13,45,1 PM,A,1,0,13:30,1
1346,13:46:00,13,46,1 PM,A,1,0,13:30,1
1347,13:47:00,13,47,1 PM,A,1,0,13:30,1
1348,13:48:00,13,48,1 PM,A,1,0,13:30,1
1349,13:49:00,13,49,1 PM,A,1,0,13:30,1
1350,13:50:00,13,50,1 PM,A,1,0,13:30,1
1351,13:51:00,13,51,1 PM,A,1,0,13:30,1
1352,13:52:00,13,52,1 PM,A,1,0,13:30,1
1353,13:53:00,13,53,1 PM,A,1,0,13:30,1
1354,13:54:00,13,54,1 PM,A,1,0,13:30,1
1355,13:55:00,13,55,1 PM,A,1,0,13:30,1
1356,13:56:00,13,56,1 PM,A,1,0,13:30,1
1357,13:57:00,13,57,1 PM,A,1,0,13:30,1
1358,13:58:00,13,58,1 PM,A,1,0,13:30,1
1359,13:59:00,13,59,1 PM,A,1,0,13:30,1
1400,14:00:00,14,0,2 PM,B,2,0,14:00,1
1401,14:01:00,14,1,2 PM,B,2,0,14:00,1
1402,14:02:00,14,2,2 PM,B,2,0,14:00,1
1403,14:03:00,14,3,2 PM,B,2,0,14:00,1
1404,14:04:00,14,4,2 PM,B,2,0,14:00,1
1405,14:05:00,14,5,2 PM,B,2,0,14:00,1
1406,14:06:00,14,6,2 PM,B,2,0,14:00,1
1407,14:07:00,14,7,2 PM,B,2,0,14:00,1
1408,14:08:00,14,8,2 PM,B,2,0,14:00,1
1409,14:09:00,14,9,2 PM,B,2,0,14:00,1
1410,14:10:00,14,10,2 PM,B,2,0,14:00,1
1411,14:11:00,14,11,2 PM,B,2,0,14:00,1
1412,14:12:00,14,12,2 PM,B,2,0,14:00,1
1413,14:13:00,14,13,2 PM,B,2,0,14:00,1
1414,14:14:00,14,14,2 PM,B,2,0,14:00,1
1415,14:15:00,14,15,2 PM,B,2,0,14:00,1
1416,14:16:00,14,16,2 PM,B,2,0,14:00,1
1417,14:17:00,14,17,2 PM,B,2,0,14:00,1
1418,14:18:00,14,18,2 PM,B,2,0,14:00,1
1419,14:19:00,14,19,2 PM,B,2,0,14:00,1
1420,14:20:00,14,20,2 PM,B,2,0,14:00,1
1421,14:21:00,14,21,2 PM,B,2,0,14:00,1
1422,14:22:00,14,22,2 PM,B,2,0,14:00,1
1423,14:23:00,14,23,2 PM,B,2,0,14:00,1
1424,14:24:00,14,24,2 PM,B,2,0,14:00,1
1425,14:25:00,14,25,2 PM,B,2,0,14:00,1
1426,14:26:00,14,26,2 PM,B,2,0,14:00,1
1427,14:27:00,14,27,2 PM,B,2,0,14:00,1
1428,14:28:00,14,28,2 PM,B,2,0,14:00,1
1429,14:29:00,14,29,2 PM,B,2,0,14:00,1
1430,14:30:00,14,30,2 PM,B,2,0,14:30,1
1431,14:31:00,14,31,2 PM,B,2,0,14:30,1
1432,14:32:00,14,32,2 PM,B,2,0,14:30,1
1433,14:33:00,14,33,2 PM,B,2,0,14:30,1
1434,14:34:00,14,34,2 PM,B,2,0,14:30,1
1435,14:35:00,14,35,2 PM,B,2,0,14:30,1
1436,14:36:00,14,36,2 PM,B,2,0,14:30,1
1437,14:37:00,14,37,2 PM,B,2,0,14:30,1
1438,14:38:00,14,38,2 PM,B,2,0,14:30,1
1439,14:39:00,14,39,2 PM,B,2,0,14:30,1
1440,14:40:00,14,40,2 PM,B,2,0,14:30,1
1441,14:41:00,14,41,2 PM,B,2,0,14:30,1
1442,14:42:00,14,42,2 PM,B,2,0,14:30,1
1443,14:43:00,14,43,2 PM,B,2,0,14:30,1
1444,14:44:00,14,44,2 PM,B,2,0,14:30,1
1445,14:45:00,14,45,2 PM,B,2,0,14:30,1
1446,14:46:00,14,46,2 PM,B,2,0,14:30,1
1447,14:47:00,14,47,2 PM,B,2,0,14:30,1
1448,14:48:00,14,48,2 PM,B,2,0,14:30,1
1449,14:49:00,14,49,2 PM,B,2,0,14:30,1
1450,14:50:00,14,50,2 PM,B,2,0,14:30,1
1451,14:51:00,14,51,2 PM,B,2,0,14:30,1
1452,14:52:00,14,52,2 PM,B,2,0,14:30,1
1453,14:53:00,14,53,2 PM,B,2,0,14:30,1
1454,14:54:00,14,54,2 PM,B,2,0,14:30,1
1455,14:55:00,14,55,2 PM,B,2,0,14:30,1
1456,14:56:00,14,56,2 PM,B,2,0,14:30,1
1457,14:57:00,14,57,2 PM,B,2,0,14:30,1
1458,14:58:00,14,58,2 PM,B,2,0,14:30,1
1459,14:59:00,14,59,2 PM,B,2,0,14:30,1
1500,15:00:00,15,0,3 PM,B,2,0,15:00,1
1501,15:01:00,15,1,3 PM,B,2,0,15:00,1
1502,15:02:00,15,2,3 PM,B,2,0,15:00,1
1503,15:03:00,15,3,3 PM,B,2,0,15:00,1
1504,15:04:00,15,4,3 PM,B,2,0,15:00,1
1505,15:05:00,15,5,3 PM,B,2,0,15:00,1
1506,15:06:00,15,6,3 PM,B,2,0,15:00,1
1507,15:07:00,15,7,3 PM,B,2,0,15:00,1
1508,15:08:00,15,8,3 PM,B,2,0,15:00,1
1509,15:09:00,15,9,3 PM,B,2,0,15:00,1
1510,15:10:00,15,10,3 PM,B,2,0,15:00,1
1511,15:11:00,15,11,3 PM,B,2,0,15:00,1
1512,15:12:00,15,12,3 PM,B,2,0,15:00,1
1513,15:13:00,15,13,3 PM,B,2,0,15:00,1
1514,15:14:00,15,14,3 PM,B,2,0,15:00,1
1515,15:15:00,15,15,3 PM,B,2,0,15:00,1
1516,15:16:00,15,16,3 PM,B,2,0,15:00,1
1517,15:17:00,15,17,3 PM,B,2,0,15:00,1
1518,15:18:00,15,18,3 PM,B,2,0,15:00,1
1519,15:19:00,15,19,3 PM,B,2,0,15:00,1
1520,15:20:00,15,20,3 PM,B,2,0,15:00,1
1521,15:21:00,15,21,3 PM,B,2,0,15:00,1
1522,15:22:00,15,22,3 PM,B,2,0,15:00,1
1523,15:23:00,15,23,3 PM,B,2,0,15:00,1
1524,15:24:00,15,24,3 PM,B,2,0,15:00,1
1525,15:25:00,15,25,3 PM,B,2,0,15:00,1
1526,15:26:00,15,26,3 PM,B,2,0,15:00,1
1527,15:27:00,15,27,3 PM,B,2,0,15:00,1
1528,15:28:00,15,28,3 PM,B,2,0,15:00,1
1529,15:29:00,15,29,3 PM,B,2,0,15:00,1
1530,15:30:00,15,30,3 PM,B,2,0,15:30,1
1531,15:31:00,15,31,3 PM,B,2,0,15:30,1
1532,15:32:00,15,32,3 PM,B,2,0,15:30,1
1533,15:33:00,15,33,3 PM,B,2,0,15:30,1
1534,15:34:00,15,34,3 PM,B,2,0,15:30,1
1535,15:35:00,15,35,3 PM,B,2,0,15:30,1
1536,15:36:00,15,36,3 PM,B,2,0,15:30,1
1537,15:37:00,15,37,3 PM,B,2,0,15:30,1
1538,15:38:00,15,38,3 PM,B,2,0,15:30,1
1539,15:39:00,15,39,3 PM,B,2,0,15:30,1
1540,15:40:00,15,40,3 PM,B,2,0,15:30,1
1541,15:41:00,15,41,3 PM,B,2,0,15:30,1
1542,15:42:00,15,42,3 PM,B,2,0,15:30,1
1543,15:43:00,15,43,3 PM,B,2,0,15:30,1
1544,15:44:00,15,44,3 PM,B,2,0,15:30,1
1545,15:45:00,15,45,3 PM,B,2,0,15:30,1
1546,15:46:00,15,46,3 PM,B,2,0,15:30,1
1547,15:47:00,15,47,3 PM,B,2,0,15:30,1
1548,15:48:00,15,48,3 PM,B,2,0,15:30,1
1549,15:49:00,15,49,3 PM,B,2,0,15:30,1
1550,15:50:00,15,50,3 PM,B,2,0,15:30,1
1551,15:51:00,15,51,3 PM,B,2,0,15:30,1
1552,15:52:00,15,52,3 PM,B,2,0,15:30,1
1553,15:53:00,15,53,3 PM,B,2,0,15:30,1
1554,15:54:00,15,54,3 PM,B,2,0,15:30,1
1555,15:55:00,15,55,3 PM,B,2,0,15:30,1
1556,15:56:00,15,56,3 PM,B,2,0,15:30,1
1557,15:57:00,15,57,3 PM,B,2,0,15:30,1
1558,15:58:00,15,58,3 PM,B,2,0,15:30,1
1559,15:59:00,15,59,3 PM,B,2,0,15:30,1
1600,16:00:00,16,0,4 PM,B,2,0,16:00,1
1601,16:01:00,16,1,4 PM,B,2,0,16:00,1
1602,16:02:00,16,2,4 PM,B,2,0,16:00,1
1603,16:03:00,16,3,4 PM,B,2,0,16:00,1
1604,16:04:00,16,4,4 PM,B,2,0,16:00,1
1605,16:05:00,16,5,4 PM,B,2,0,16:00,1
1606,16:06:00,16,6,4 PM,B,2,0,16:00,1
1607,16:07:00,16,7,4 PM,B,2,0,16:00,1
1608,16:08:00,16,8,4 PM,B,2,0,16:00,1
1609,16:09:00,16,9,4 PM,B,2,0,16:00,1
1610,16:10:00,16,10,4 PM,B,2,0,16:00,1
1611,16:11:00,16,11,4 PM,B,2,0,16:00,1
1612,16:12:00,16,12,4 PM,B,2,0,16:00,1
1613,16:13:00,16,13,4 PM,B,2,0,16:00,1
1614,16:14:00,16,14,4 PM,B,2,0,16:00,1
1615,16:15:00,16,15,4 PM,B,2,0,16:00,1
1616,16:16:00,16,16,4 PM,B,2,0,16:00,1
1617,16:17:00,16,17,4 PM,B,2,0,16:00,1
1618,16:18:00,16,18,4 PM,B,2,0,16:00,1
1619,16:19:00,16,19,4 PM,B,2,0,16:00,1
1620,16:20:00,16,20,4 PM,B,2,0,16:00,1
1621,16:21:00,16,21,4 PM,B,2,0,16:00,1
1622,16:22:00,16,22,4 PM,B,2,0,16:00,1
1623,16:23:00,16,23,4 PM,B,2,0,16:00,1
1624,16:24:00,16,24,4 PM,B,2,0,16:00,1
1625,16:25:00,16,25,4 PM,B,2,0,16:00,1
1626,16:26:00,16,26,4 PM,B,2,0,16:00,1
1627,16:27:00,16,27,4 PM,B,2,0,16:00,1
1628,16:28:00,16,28,4 PM,B,2,0,16:00,1
1629,16:29:00,16,29,4 PM,B,2,0,16:00,1
1630,16:30:00,16,30,4 PM,B,2,0,16:30,1
1631,16:31:00,16,31,4 PM,B,2,0,16:30,1
1632,16:32:00,16,32,4 PM,B,2,0,16:30,1
1633,16:33:00,16,33,4 PM,B,2,0,16:30,1
1634,16:34:00,16,34,4 PM,B,2,0,16:30,1
1635,16:35:00,16,35,4 PM,B,2,0,16:30,1
1636,16:36:00,16,36,4 PM,B,2,0,16:30,1
1637,16:37:00,16,37,4 PM,B,2,0,16:30,1
1638,16:38:00,16,38,4 PM,B,2,0,16:30,1
1639,16:39:00,16,39,4 PM,B,2,0,16:30,1
1640,16:40:00,16,40,4 PM,B,2,0,16:30,1
1641,16:41:00,16,41,4 PM,B,2,0,16:30,1
1642,16:42:00,16,42,4 PM,B,2,0,16:30,1
1643,16:43:00,16,43,4 PM,B,2,0,16:30,1
1644,16:44:00,16,44,4 PM,B,2,0,16:30,1
1645,16:45:00,16,45,4 PM,B,2,0,16:30,1
1646,16:46:00,16,46,4 PM,B,2,0,16:30,1
1647,16:47:00,16,47,4 PM,B,2,0,16:30,1
1648,16:48:00,16,48,4 PM,B,2,0,16:30,1
1649,16:49:00,16,49,4 PM,B,2,0,16:30,1
1650,16:50:00,16,50,4 PM,B,2,0,16:30,1
1651,16:51:00,16,51,4 PM,B,2,0,16:30,1
1652,16:52:00,16,52,4 PM,B,2,0,16:30,1
1653,16:53:00,16,53,4 PM,B,2,0,16:30,1
1654,16:54:00,16,54,4 PM,B,2,0,16:30,1
1655,16:55:00,16,55,4 PM,B,2,0,16:30,1
1656,16:56:00,16,56,4 PM,B,2,0,16:30,1
1657,16:57:00,16,57,4 PM,B,2,0,16:30,1
1658,16:58:00,16,58,4 PM,B,2,0,16:30,1
1659,16:59:00,16,59,4 PM,B,2,0,16:30,1
1700,17:00:00,17,0,5 PM,B,2,0,17:00,1
1701,17:01:00,17,1,5 PM,B,2,0,17:00,1
1702,17:02:00,17,2,5 PM,B,2,0,17:00,1
1703,17:03:00,17,3,5 PM,B,2,0,17:00,1
1704,17:04:00,17,4,5 PM,B,2,0,17:00,1
1705,17:05:00,17,5,5 PM,B,2,0,17:00,1
1706,17:06:00,17,6,5 PM,B,2,0,17:00,1
1707,17:07:00,17,7,5 PM,B,2,0,17:00,1
1708,17:08:00,17,8,5 PM,B,2,0,17:00,1
1709,17:09:00,17,9,5 PM,B,2,0,17:00,1
1710,17:10:00,17,10,5 PM,B,2,0,17:00,1
1711,17:11:00,17,11,5 PM,B,2,0,17:00,1
1712,17:12:00,17,12,5 PM,B,2,0,17:00,1
1713,17:13:00,17,13,5 PM,B,2,0,17:00,1
1714,17:14:00,17,14,5 PM,B,2,0,17:00,1
1715,17:15:00,17,15,5 PM,B,2,0,17:00,1
1716,17:16:00,17,16,5 PM,B,2,0,17:00,1
1717,17:17:00,17,17,5 PM,B,2,0,17:00,1
1718,17:18:00,17,18,5 PM,B,2,0,17:00,1
1719,17:19:00,17,19,5 PM,B,2,0,17:00,1
1720,17:20:00,17,20,5 PM,B,2,0,17:00,1
1721,17:21:00,17,21,5 PM,B,2,0,17:00,1
1722,17:22:00,17,22,5 PM,B,2,0,17:00,1
1723,17:23:00,17,23,5 PM,B,2,0,17:00,1
1724,17:24:00,17,24,5 PM,B,2,0,17:00,1
1725,17:25:00,17,25,5 PM,B,2,0,17:00,1
1726,17:26:00,17,26,5 PM,B,2,0,17:00,1
1727,17:27:00,17,27,5 PM,B,2,0,17:00,1
1728,17:28:00,17,28,5 PM,B,2,0,17:00,1
1729,17:29:00,17,29,5 PM,B,2,0,17:00,1
1730,17:30:00,17,30,5 PM,B,2,0,17:30,1
1731,17:31:00,17,31,5 PM,B,2,0,17:30,1
1732,17:32:00,17,32,5 PM,B,2,0,17:30,1
1733,17:33:00,17,33,5 PM,B,2,0,17:30,1
1734,17:34:00,17,34,5 PM,B,2,0,17:30,1
1735,17:35:00,17,35,5 PM,B,2,0,17:30,1
1736,17:36:00,17,36,5 PM,B,2,0,17:30,1
1737,17:37:00,17,37,5 PM,B,2,0,17:30,1
1738,17:38:00,17,38,5 PM,B,2,0,17:30,1
1739,17:39:00,17,39,5 PM,B,2,0,17:30,1
1740,17:40:00,17,40,5 PM,B,2,0,17:30,1
1741,17:41:00,17,41,5 PM,B,2,0,17:30,1
1742,17:42:00,17,42,5 PM,B,2,0,17:30,1
1743,17:43:00,17,43,5 PM,B,2,0,17:30,1
1744,17:44:00,17,44,5 PM,B,2,0,17:30,1
1745,17:45:00,17,45,5 PM,B,2,0,17:30,1
1746,17:46:00,17,46,5 PM,B,2,0,17:30,1
1747,17:47:00,17,47,5 PM,B,2,0,17:30,1
1748,17:48:00,17,48,5 PM,B,2,0,17:30,1
1749,17:49:00,17,49,5 PM,B,2,0,17:30,1
1750,17:50:00,17,50,5 PM,B,2,0,17:30,1
1751,17:51:00,17,51,5 PM,B,2,0,17:30,1
1752,17:52:00,17,52,5 PM,B,2,0,17:30,1
1753,17:53:00,17,53,5 PM,B,2,0,17:30,1
1754,17:54:00,17,54,5 PM,B,2,0,17:30,1
1755,17:55:00,17,55,5 PM,B,2,0,17:30,1
1756,17:56:00,17,56,5 PM,B,2,0,17:30,1
1757,17:57:00,17,57,5 PM,B,2,0,17:30,1
1758,17:58:00,17,58,5 PM,B,2,0,17:30,1
1759,17:59:00,17,59,5 PM,B,2,0,17:30,1
1800,18:00:00,18,0,6 PM,B,2,0,18:00,1
1801,18:01:00,18,1,6 PM,B,2,0,18:00,1
1802,18:02:00,18,2,6 PM,B,2,0,18:00,1
1803,18:03:00,18,3,6 PM,B,2,0,18:00,1
1804,18:04:00,18,4,6 PM,B,2,0,18:00,1
1805,18:05:00,18,5,6 PM,B,2,0,18:00,1
1806,18:06:00,18,6,6 PM,B,2,0,18:00,1
1807,18:07:00,18,7,6 PM,B,2,0,18:00,1
1808,18:08:00,18,8,6 PM,B,2,0,18:00,1
1809,18:09:00,18,9,6 PM,B,2,0,18:00,1
1810,18:10:00,18,10,6 PM,B,2,0,18:00,1
1811,18:11:00,18,11,6 PM,B,2,0,18:00,1
1812,18:12:00,18,12,6 PM,B,2,0,18:00,1
1813,18:13:00,18,13,6 PM,B,2,0,18:00,1
1814,18:14:00,18,14,6 PM,B,2,0,18:00,1
1815,18:15:00,18,15,6 PM,B,2,0,18:00,1
1816,18:16:00,18,16,6 PM,B,2,0,18:00,1
1817,18:17:00,18,17,6 PM,B,2,0,18:00,1
1818,18:18:00,18,18,6 PM,B,2,0,18:00,1
1819,18:19:00,18,19,6 PM,B,2,0,18:00,1
1820,18:20:00,18,20,6 PM,B,2,0,18:00,1
1821,18:21:00,18,21,6 PM,B,2,0,18:00,1
1822,18:22:00,18,22,6 PM,B,2,0,18:00,1
1823,18:23:00,18,23,6 PM,B,2,0,18:00,1
1824,18:24:00,18,24,6 PM,B,2,0,18:00,1
1825,18:25:00,18,25,6 PM,B,2,0,18:00,1
1826,18:26:00,18,26,6 PM,B,2,0,18:00,1
1827,18:27:00,18,27,6 PM,B,2,0,18:00,1
1828,18:28:00,18,28,6 PM,B,2,0,18:00,1
1829,18:29:00,18,29,6 PM,B,2,0,18:00,1
1830,18:30:00,18,30,6 PM,B,2,0,18:30,1
1831,18:31:00,18,31,6 PM,B,2,0,18:30,1
1832,18:32:00,18,32,6 PM,B,2,0,18:30,1
1833,18:33:00,18,33,6 PM,B,2,0,18:30,1
1834,18:34:00,18,34,6 PM,B,2,0,18:30,1
1835,18:35:00,18,35,6 PM,B,2,0,18:30,1
1836,18:36:00,18,36,6 PM,B,2,0,18:30,1
1837,18:37:00,18,37,6 PM,B,2,0,18:30,1
1838,18:38:00,18,38,6 PM,B,2,0,18:30,1
1839,18:39:00,18,39,6 PM,B,2,0,18:30,1
1840,18:40:00,18,40,6 PM,B,2,0,18:30,1
1841,18:41:00,18,41,6 PM,B,2,0,18:30,1
1842,18:42:00,18,42,6 PM,B,2,0,18:30,1
1843,18:43:00,18,43,6 PM,B,2,0,18:30,1
1844,18:44:00,18,44,6 PM,B,2,0,18:30,1
1845,18:45:00,18,45,6 PM,B,2,0,18:30,1
1846,18:46:00,18,46,6 PM,B,2,0,18:30,1
1847,18:47:00,18,47,6 PM,B,2,0,18:30,1
1848,18:48:00,18,48,6 PM,B,2,0,18:30,1
1849,18:49:00,18,49,6 PM,B,2,0,18:30,1
1850,18:50:00,18,50,6 PM,B,2,0,18:30,1
1851,18:51:00,18,51,6 PM,B,2,0,18:30,1
1852,18:52:00,18,52,6 PM,B,2,0,18:30,1
1853,18:53:00,18,53,6 PM,B,2,0,18:30,1
1854,18:54:00,18,54,6 PM,B,2,0,18:30,1
1855,18:55:00,18,55,6 PM,B,2,0,18:30,1
1856,18:56:00,18,56,6 PM,B,2,0,18:30,1
1857,18:57:00,18,57,6 PM,B,2,0,18:30,1
1858,18:58:00,18,58,6 PM,B,2,0,18:30,1
1859,18:59:00,18,59,6 PM,B,2,0,18:30,1
1900,19:00:00,19,0,7 PM,B,2,0,19:00,1
1901,19:01:00,19,1,7 PM,B,2,0,19:00,1
1902,19:02:00,19,2,7 PM,B,2,0,19:00,1
1903,19:03:00,19,3,7 PM,B,2,0,19:00,1
1904,19:04:00,19,4,7 PM,B,2,0,19:00,1
1905,19:05:00,19,5,7 PM,B,2,0,19:00,1
1906,19:06:00,19,6,7 PM,B,2,0,19:00,1
1907,19:07:00,19,7,7 PM,B,2,0,19:00,1
1908,19:08:00,19,8,7 PM,B,2,0,19:00,1
1909,19:09:00,19,9,7 PM,B,2,0,19:00,1
1910,19:10:00,19,10,7 PM,B,2,0,19:00,1
1911,19:11:00,19,11,7 PM,B,2,0,19:00,1
1912,19:12:00,19,12,7 PM,B,2,0,19:00,1
1913,19:13:00,19,13,7 PM,B,2,0,19:00,1
1914,19:14:00,19,14,7 PM,B,2,0,19:00,1
1915,19:15:00,19,15,7 PM,B,2,0,19:00,1
1916,19:16:00,19,16,7 PM,B,2,0,19:00,1
1917,19:17:00,19,17,7 PM,B,2,0,19:00,1
1918,19:18:00,19,18,7 PM,B,2,0,19:00,1
1919,19:19:00,19,19,7 PM,B,2,0,19:00,1
1920,19:20:00,19,20,7 PM,B,2,0,19:00,1
1921,19:21:00,19,21,7 PM,B,2,0,19:00,1
1922,19:22:00,19,22,7 PM,B,2,0,19:00,1
1923,19:23:00,19,23,7 PM,B,2,0,19:00,1
1924,19:24:00,19,24,7 PM,B,2,0,19:00,1
1925,19:25:00,19,25,7 PM,B,2,0,19:00,1
1926,19:26:00,19,26,7 PM,B,2,0,19:00,1
1927,19:27:00,19,27,7 PM,B,2,0,19:00,1
1928,19:28:00,19,28,7 PM,B,2,0,19:00,1
1929,19:29:00,19,29,7 PM,B,2,0,19:00,1
1930,19:30:00,19,30,7 PM,B,2,0,19:30,1
1931,19:31:00,19,31,7 PM,B,2,0,19:30,1
1932,19:32:00,19,32,7 PM,B,2,0,19:30,1
1933,19:33:00,19,33,7 PM,B,2,0,19:30,1
1934,19:34:00,19,34,7 PM,B,2,0,19:30,1
1935,19:35:00,19,35,7 PM,B,2,0,19:30,1
1936,19:36:00,19,36,7 PM,B,2,0,19:30,1
1937,19:37:00,19,37,7 PM,B,2,0,19:30,1
1938,19:38:00,19,38,7 PM,B,2,0,19:30,1
1939,19:39:00,19,39,7 PM,B,2,0,19:30,1
1940,19:40:00,19,40,7 PM,B,2,0,19:30,1
1941,19:41:00,19,41,7 PM,B,2,0,19:30,1
1942,19:42:00,19,42,7 PM,B,2,0,19:30,1
1943,19:43:00,19,43,7 PM,B,2,0,19:30,1
1944,19:44:00,19,44,7 PM,B,2,0,19:30,1
1945,19:45:00,19,45,7 PM,B,2,0,19:30,1
1946,19:46:00,19,46,7 PM,B,2,0,19:30,1
1947,19:47:00,19,47,7 PM,B,2,0,19:30,1
1948,19:48:00,19,48,7 PM,B,2,0,19:30,1
1949,19:49:00,19,49,7 PM,B,2,0,19:30,1
1950,19:50:00,19,50,7 PM,B,2,0,19:30,1
1951,19:51:00,19,51,7 PM,B,2,0,19:30,1
1952,19:52:00,19,52,7 PM,B,2,0,19:30,1
1953,19:53:00,19,53,7 PM,B,2,0,19:30,1
1954,19:54:00,19,54,7 PM,B,2,0,19:30,1
1955,19:55:00,19,55,7 PM,B,2,0,19:30,1
1956,19:56:00,19,56,7 PM,B,2,0,19:30,1
1957,19:57:00,19,57,7 PM,B,2,0,19:30,1
1958,19:58:00,19,58,7 PM,B,2,0,19:30,1
1959,19:59:00,19,59,7 PM,B,2,0,19:30,1
2000,20:00:00,20,0,8 PM,B,2,0,20:00,1
2001,20:01:00,20,1,8 PM,B,2,0,20:00,1
2002,20:02:00,20,2,8 PM,B,2,0,20:00,1
2003,20:03:00,20,3,8 PM,B,2,0,20:00,1
2004,20:04:00,20,4,8 PM,B,2,0,20:00,1
2005,20:05:00,20,5,8 PM,B,2,0,20:00,1
2006,20:06:00,20,6,8 PM,B,2,0,20:00,1
2007,20:07:00,20,7,8 PM,B,2,0,20:00,1
2008,20:08:00,20,8,8 PM,B,2,0,20:00,1
2009,20:09:00,20,9,8 PM,B,2,0,20:00,1
2010,20:10:00,20,10,8 PM,B,2,0,20:00,1
2011,20:11:00,20,11,8 PM,B,2,0,20:00,1
2012,20:12:00,20,12,8 PM,B,2,0,20:00,1
2013,20:13:00,20,13,8 PM,B,2,0,20:00,1
2014,20:14:00,20,14,8 PM,B,2,0,20:00,1
2015,20:15:00,20,15,8 PM,B,2,0,20:00,1
2016,20:16:00,20,16,8 PM,B,2,0,20:00,1
2017,20:17:00,20,17,8 PM,B,2,0,20:00,1
2018,20:18:00,20,18,8 PM,B,2,0,20:00,1
2019,20:19:00,20,19,8 PM,B,2,0,20:00,1
2020,20:20:00,20,20,8 PM,B,2,0,20:00,1
2021,20:21:00,20,21,8 PM,B,2,0,20:00,1
2022,20:22:00,20,22,8 PM,B,2,0,20:00,1
2023,20:23:00,20,23,8 PM,B,2,0,20:00,1
2024,20:24:00,20,24,8 PM,B,2,0,20:00,1
2025,20:25:00,20,25,8 PM,B,2,0,20:00,1
2026,20:26:00,20,26,8 PM,B,2,0,20:00,1
2027,20:27:00,20,27,8 PM,B,2,0,20:00,1
2028,20:28:00,20,28,8 PM,B,2,0,20:00,1
2029,20:29:00,20,29,8 PM,B,2,0,20:00,1
2030,20:30:00,20,30,8 PM,B,2,0,20:30,1
2031,20:31:00,20,31,8 PM,B,2,0,20:30,1
2032,20:32:00,20,32,8 PM,B,2,0,20:30,1
2033,20:33:00,20,33,8 PM,B,2,0,20:30,1
2034,20:34:00,20,34,8 PM,B,2,0,20:30,1
2035,20:35:00,20,35,8 PM,B,2,0,20:30,1
2036,20:36:00,20,36,8 PM,B,2,0,20:30,1
2037,20:37:00,20,37,8 PM,B,2,0,20:30,1
2038,20:38:00,20,38,8 PM,B,2,0,20:30,1
2039,20:39:00,20,39,8 PM,B,2,0,20:30,1
2040,20:40:00,20,40,8 PM,B,2,0,20:30,1
2041,20:41:00,20,41,8 PM,B,2,0,20:30,1
2042,20:42:00,20,42,8 PM,B,2,0,20:30,1
2043,20:43:00,20,43,8 PM,B,2,0,20:30,1
2044,20:44:00,20,44,8 PM,B,2,0,20:30,1
2045,20:45:00,20,45,8 PM,B,2,0,20:30,1
2046,20:46:00,20,46,8 PM,B,2,0,20:30,1
2047,20:47:00,20,47,8 PM,B,2,0,20:30,1
2048,20:48:00,20,48,8 PM,B,2,0,20:30,1
2049,20:49:00,20,49,8 PM,B,2,0,20:30,1
2050,20:50:00,20,50,8 PM,B,2,0,20:30,1
2051,20:51:00,20,51,8 PM,B,2,0,20:30,1
2052,20:52:00,20,52,8 PM,B,2,0,20:30,1
2053,20:53:00,20,53,8 PM,B,2,0,20:30,1
2054,20:54:00,20,54,8 PM,B,2,0,20:30,1
2055,20:55:00,20,55,8 PM,B,2,0,20:30,1
2056,20:56:00,20,56,8 PM,B,2,0,20:30,1
2057,20:57:00,20,57,8 PM,B,2,0,20:30,1
2058,20:58:00,20,58,8 PM,B,2,0,20:30,1
2059,20:59:00,20,59,8 PM,B,2,0,20:30,1
2100,21:00:00,21,0,9 PM,B,2,0,21:00,1
2101,21:01:00,21,1,9 PM,B,2,0,21:00,1
2102,21:02:00,21,2,9 PM,B,2,0,21:00,1
2103,21:03:00,21,3,9 PM,B,2,0,21:00,1
2104,21:04:00,21,4,9 PM,B,2,0,21:00,1
2105,21:05:00,21,5,9 PM,B,2,0,21:00,1
2106,21:06:00,21,6,9 PM,B,2,0,21:00,1
2107,21:07:00,21,7,9 PM,B,2,0,21:00,1
2108,21:08:00,21,8,9 PM,B,2,0,21:00,1
2109,21:09:00,21,9,9 PM,B,2,0,21:00,1
2110,21:10:00,21,10,9 PM,B,2,0,21:00,1
2111,21:11:00,21,11,9 PM,B,2,0,21:00,1
2112,21:12:00,21,12,9 PM,B,2,0,21:00,1
2113,21:13:00,21,13,9 PM,B,2,0,21:00,1
2114,21:14:00,21,14,9 PM,B,2,0,21:00,1
2115,21:15:00,21,15,9 PM,B,2,0,21:00,1
2116,21:16:00,21,16,9 PM,B,2,0,21:00,1
2117,21:17:00,21,17,9 PM,B,2,0,21:00,1
2118,21:18:00,21,18,9 PM,B,2,0,21:00,1
2119,21:19:00,21,19,9 PM,B,2,0,21:00,1
2120,21:20:00,21,20,9 PM,B,2,0,21:00,1
2121,21:21:00,21,21,9 PM,B,2,0,21:00,1
2122,21:22:00,21,22,9 PM,B,2,0,21:00,1
2123,21:23:00,21,23,9 PM,B,2,0,21:00,1
2124,21:24:00,21,24,9 PM,B,2,0,21:00,1
2125,21:25:00,21,25,9 PM,B,2,0,21:00,1
2126,21:26:00,21,26,9 PM,B,2,0,21:00,1
2127,21:27:00,21,27,9 PM,B,2,0,21:00,1
2128,21:28:00,21,28,9 PM,B,2,0,21:00,1
2129,21:29:00,21,29,9 PM,B,2,0,21:00,1
2130,21:30:00,21,30,9 PM,B,2,0,21:30,1
2131,21:31:00,21,31,9 PM,B,2,0,21:30,1
2132,21:32:00,21,32,9 PM,B,2,0,21:30,1
2133,21:33:00,21,33,9 PM,B,2,0,21:30,1
2134,21:34:00,21,34,9 PM,B,2,0,21:30,1
2135,21:35:00,21,35,9 PM,B,2,0,21:30,1
2136,21:36:00,21,36,9 PM,B,2,0,21:30,1
2137,21:37:00,21,37,9 PM,B,2,0,21:30,1
2138,21:38:00,21,38,9 PM,B,2,0,21:30,1
2139,21:39:00,21,39,9 PM,B,2,0,21:30,1
2140,21:40:00,21,40,9 PM,B,2,0,21:30,1
2141,21:41:00,21,41,9 PM,B,2,0,21:30,1
2142,21:42:00,21,42,9 PM,B,2,0,21:30,1
2143,21:43:00,21,43,9 PM,B,2,0,21:30,1
2144,21:44:00,21,44,9 PM,B,2,0,21:30,1
2145,21:45:00,21,45,9 PM,B,2,0,21:30,1
2146,21:46:00,21,46,9 PM,B,2,0,21:30,1
2147,21:47:00,21,47,9 PM,B,2,0,21:30,1
2148,21:48:00,21,48,9 PM,B,2,0,21:30,1
2149,21:49:00,21,49,9 PM,B,2,0,21:30,1
2150,21:50:00,21,50,9 PM,B,2,0,21:30,1
2151,21:51:00,21,51,9 PM,B,2,0,21:30,1
2152,21:52:00,21,52,9 PM,B,2,0,21:30,1
2153,21:53:00,21,53,9 PM,B,2,0,21:30,1
2154,21:54:00,21,54,9 PM,B,2,0,21:30,1
2155,21:55:00,21,55,9 PM,B,2,0,21:30,1
2156,21:56:00,21,56,9 PM,B,2,0,21:30,1
2157,21:57:00,21,57,9 PM,B,2,0,21:30,1
2158,21:58:00,21,58,9 PM,B,2,0,21:30,1
2159,21:59:00,21,59,9 PM,B,2,0,21:30,1
2200,22:00:00,22,0,10 PM,C,3,1,22:00,1
2201,22:01:00,22,1,10 PM,C,3,1,22:00,0
2202,22:02:00,22,2,10 PM,C,3,1,22:00,0
2203,22:03:00,22,3,10 PM,C,3,1,22:00,0
2204,22:04:00,22,4,10 PM,C,3,1,22:00,0
2205,22:05:00,22,5,10 PM,C,3,1,22:00,0
2206,22:06:00,22,6,10 PM,C,3,1,22:00,0
2207,22:07:00,22,7,10 PM,C,3,1,22:00,0
2208,22:08:00,22,8,10 PM,C,3,1,22:00,0
2209,22:09:00,22,9,10 PM,C,3,1,22:00,0
2210,22:10:00,22,10,10 PM,C,3,1,22:00,0
2211,22:11:00,22,11,10 PM,C,3,1,22:00,0
2212,22:12:00,22,12,10 PM,C,3,1,22:00,0
2213,22:13:00,22,13,10 PM,C,3,1,22:00,0
2214,22:14:00,22,14,10 PM,C,3,1,22:00,0
2215,22:15:00,22,15,10 PM,C,3,1,22:00,0
2216,22:16:00,22,16,10 PM,C,3,1,22:00,0
2217,22:17:00,22,17,10 PM,C,3,1,22:00,0
2218,22:18:00,22,18,10 PM,C,3,1,22:00,0
2219,22:19:00,22,19,10 PM,C,3,1,22:00,0
2220,22:20:00,22,20,10 PM,C,3,1,22:00,0
2221,22:21:00,22,21,10 PM,C,3,1,22:00,0
2222,22:22:00,22,22,10 PM,C,3,1,22:00,0
2223,22:23:00,22,23,10 PM,C,3,1,22:00,0
2224,22:24:00,22,24,10 PM,C,3,1,22:00,0
2225,22:25:00,22,25,10 PM,C,3,1,22:00,0
2226,22:26:00,22,26,10 PM,C,3,1,22:00,0
2227,22:27:00,22,27,10 PM,C,3,1,22:00,0
2228,22:28:00,22,28,10 PM,C,3,1,22:00,0
2229,22:29:00,22,29,10 PM,C,3,1,22:00,0
2230,22:30:00,22,30,10 PM,C,3,1,22:30,0
2231,22:31:00,22,31,10 PM,C,3,1,22:30,0
2232,22:32:00,22,32,10 PM,C,3,1,22:30,0
2233,22:33:00,22,33,10 PM,C,3,1,22:30,0
2234,22:34:00,22,34,10 PM,C,3,1,22:30,0
2235,22:35:00,22,35,10 PM,C,3,1,22:30,0
2236,22:36:00,22,36,10 PM,C,3,1,22:30,0
2237,22:37:00,22,37,10 PM,C,3,1,22:30,0
2238,22:38:00,22,38,10 PM,C,3,1,22:30,0
2239,22:39:00,22,39,10 PM,C,3,1,22:30,0
2240,22:40:00,22,40,10 PM,C,3,1,22:30,0
2241,22:41:00,22,41,10 PM,C,3,1,22:30,0
2242,22:42:00,22,42,10 PM,C,3,1,22:30,0
2243,22:43:00,22,43,10 PM,C,3,1,22:30,0
2244,22:44:00,22,44,10 PM,C,3,1,22:30,0
2245,22:45:00,22,45,10 PM,C,3,1,22:30,0
2246,22:46:00,22,46,10 PM,C,3,1,22:30,0
2247,22:47:00,22,47,10 PM,C,3,1,22:30,0
2248,22:48:00,22,48,10 PM,C,3,1,22:30,0
2249,22:49:00,22,49,10 PM,C,3,1,22:30,0
2250,22:50:00,22,50,10 PM,C,3,1,22:30,0
2251,22:51:00,22,51,10 PM,C,3,1,22:30,0
2252,22:52:00,22,52,10 PM,C,3,1,22:30,0
2253,22:53:00,22,53,10 PM,C,3,1,22:30,0
2254,22:54:00,22,54,10 PM,C,3,1,22:30,0
2255,22:55:00,22,55,10 PM,C,3,1,22:30,0
2256,22:56:00,22,56,10 PM,C,3,1,22:30,0
2257,22:57:00,22,57,10 PM,C,3,1,22:30,0
2258,22:58:00,22,58,10 PM,C,3,1,22:30,0
2259,22:59:00,22,59,10 PM,C,3,1,22:30,0
2300,23:00:00,23,0,11 PM,C,3,1,23:00,0
2301,23:01:00,23,1,11 PM,C,3,1,23:00,0
2302,23:02:00,23,2,11 PM,C,3,1,23:00,0
2303,23:03:00,23,3,11 PM,C,3,1,23:00,0
2304,23:04:00,23,4,11 PM,C,3,1,23:00,0
2305,23:05:00,23,5,11 PM,C,3,1,23:00,0
2306,23:06:00,23,6,11 PM,C,3,1,23:00,0
2307,23:07:00,23,7,11 PM,C,3,1,23:00,0
2308,23:08:00,23,8,11 PM,C,3,1,23:00,0
2309,23:09:00,23,9,11 PM,C,3,1,23:00,0
2310,23:10:00,23,10,11 PM,C,3,1,23:00,0
2311,23:11:00,23,11,11 PM,C,3,1,23:00,0
2312,23:12:00,23,12,11 PM,C,3,1,23:00,0
2313,23:13:00,23,13,11 PM,C,3,1,23:00,0
2314,23:14:00,23,14,11 PM,C,3,1,23:00,0
2315,23:15:00,23,15,11 PM,C,3,1,23:00,0
2316,23:16:00,23,16,11 PM,C,3,1,23:00,0
2317,23:17:00,23,17,11 PM,C,3,1,23:00,0
2318,23:18:00,23,18,11 PM,C,3,1,23:00,0
2319,23:19:00,23,19,11 PM,C,3,1,23:00,0
2320,23:20:00,23,20,11 PM,C,3,1,23:00,0
2321,23:21:00,23,21,11 PM,C,3,1,23:00,0
2322,23:22:00,23,22,11 PM,C,3,1,23:00,0
2323,23:23:00,23,23,11 PM,C,3,1,23:00,0
2324,23:24:00,23,24,11 PM,C,3,1,23:00,0
2325,23:25:00,23,25,11 PM,C,3,1,23:00,0
2326,23:26:00,23,26,11 PM,C,3,1,23:00,0
2327,23:27:00,23,27,11 PM,C,3,1,23:00,0
2328,23:28:00,23,28,11 PM,C,3,1,23:00,0
2329,23:29:00,23,29,11 PM,C,3,1,23:00,0
2330,23:30:00,23,30,11 PM,C,3,1,23:30,0
2331,23:31:00,23,31,11 PM,C,3,1,23:30,0
2332,23:32:00,23,32,11 PM,C,3,1,23:30,0
2333,23:33:00,23,33,11 PM,C,3,1,23:30,0
2334,23:34:00,23,34,11 PM,C,3,1,23:30,0
2335,23:35:00,23,35,11 PM,C,3,1,23:30,0
2336,23:36:00,23,36,11 PM,C,3,1,23:30,0
2337,23:37:00,23,37,11 PM,C,3,1,23:30,0
2338,23:38:00,23,38,11 PM,C,3,1,23:30,0
2339,23:39:00,23,39,11 PM,C,3,1,23:30,0
2340,23:40:00,23,40,11 PM,C,3,1,23:30,0
2341,23:41:00,23,41,11 PM,C,3,1,23:30,0
2342,23:42:00,23,42,11 PM,C,3,1,23:30,0
2343,23:43:00,23,43,11 PM,C,3,1,23:30,0
2344,23:44:00,23,44,11 PM,C,3,1,23:30,0
2345,23:45:00,23,45,11 PM,C,3,1,23:30,0
2346,23:46:00,23,46,11 PM,C,3,1,23:30,0
2347,23:47:00,23,47,11 PM,C,3,1,23:30,0
2348,23:48:00,23,48,11 PM,C,3,1,23:30,0
2349,23:49:00,23,49,11 PM,C,3,1,23:30,0
2350,23:50:00,23,50,11 PM,C,3,1,23:30,0
2351,23:51:00,23,51,11 PM,C,3,1,23:30,0
2352,23:52:00,23,52,11 PM,C,3,1,23:30,0
2353,23:53:00,23,53,11 PM,C,3,1,23:30,0
2354,23:54:00,23,54,11 PM,C,3,1,23:30,0
2355,23:55:00,23,55,11 PM,C,3,1,23:30,0
2356,23:56:00,23,56,11 PM,C,3,1,23:30,0
2357,23:57:00,23,57,11 PM,C,3,1,23:30,0
2358,23:58:00,23,58,11 PM,C,3,1,23:30,0
2359,23:59:00,23,59,11 PM,C,3,1,23:30,0
