ImoNumber,VesselName,CallSign,VesselClass,NominalTeuCapacity,ReeferPlugCount,FlagCountryCode,FlagCountryName,YearBuilt,DeadweightTonnes,LoaMetres,BeamMetres,MaxDraughtMetres,ServiceSpeedKnots,FuelType,HasScrubber,EexiRating,IsOwnedTonnage,OperatorCarrierCode,VesselKey
#NA,Unknown,#NA,#NA,0,0,#NA,Unknown,0,0,0.0,0.0,0.0,0.0,#NA,0,#NA,0,#NA,-1
1115151,Amber Odyssey,05DWIL,Feeder,1197,176,MH,Marshall Islands,2025,12259,142.7,24.6,8.39,18.2,VLSFO,0,C,0,HLCU,1
2609642,Morning Horizon,NBG0JX,Feeder,1785,212,CY,Cyprus,2022,21387,139.3,24.9,8.7,16.7,VLSFO,0,C,0,NSBB,2
3453222,Amber Dawn,0FZ9XX,Feeder,1312,166,HK,Hong Kong,2005,16446,153.5,23.4,8.72,17.1,Methanol Dual-Fuel,0,E,0,HWFT,3
1003683,Noble Star,9VLWK6,Feeder,1455,154,SG,Singapore,2023,15760,106.2,23.3,7.89,16.4,LNG Dual-Fuel,0,B,0,NSBB,4
8451695,Pacific Compass,3UQEV2,Feeder,1598,129,HK,Hong Kong,2021,19149,110.8,21.5,7.27,17.2,VLSFO,0,C,1,MGLU,5
3890420,Pacific Discovery,0I0AQ9,Feeder,2377,121,HK,Hong Kong,2002,32034,105.8,23.3,8.16,17.5,VLSFO,1,C,0,VJBD,6
9633252,Evening Star,WYXC7D,Feeder,2499,133,MH,Marshall Islands,2012,31317,106.7,22.8,7.63,16.2,LNG Dual-Fuel,0,B,0,HWFT,7
8042925,Royal Voyager,85WWFQ,Feeder,1459,88,BS,Bahamas,2020,18103,155.2,23.6,8.82,16.2,VLSFO,0,C,0,AAUW,8
5355644,Bold Bridge,PUJO9D,Feeder,2031,265,MH,Marshall Islands,2021,26216,151.2,22.8,7.52,17.4,VLSFO,0,A,0,HDMU,9
7679111,Atlantic Compass,89TGQ0,Feeder,2551,241,MH,Marshall Islands,2025,27102,122.8,21.0,7.92,18.8,VLSFO,0,C,0,RDXA,10
2404274,Amber Current,2Y6JVE,Feeder,2072,160,HK,Hong Kong,2019,27461,107.7,20.9,8.9,16.6,VLSFO,0,A,0,NNJE,11
5479828,Emerald Star,2C91WF,Feeder,1833,205,BS,Bahamas,2007,22621,129.4,21.5,7.4,16.6,VLSFO,0,C,0,AAUW,12
9918781,Majestic Dawn,W6FAWH,Feeder,1140,80,LR,Liberia,2011,14494,122.3,24.7,8.79,16.5,MGO,0,C,0,EGLV,13
3541859,Emerald Bridge,5OLGDQ,Feeder,2194,144,PA,Panama,2009,23882,118.2,24.6,8.17,18.7,VLSFO,1,D,0,KYLU,14
7910151,Silver Discovery,L3DCU5,Feeder,2589,367,PA,Panama,2007,31347,118.6,24.7,8.4,17.3,VLSFO,0,D,0,RADR,15
9683128,Evening Summit,CYXP1X,Feeder,1783,110,MH,Marshall Islands,1999,24328,144.8,20.4,7.83,18.8,VLSFO,0,C,1,MGLU,16
9818228,Bold Voyager,LG8FK4,Feeder,2018,135,LR,Liberia,2011,22357,107.3,22.4,7.55,16.1,VLSFO,0,C,0,MGLU,17
1517567,Crystal Pioneer,LBJ0FN,Feeder,2889,358,MH,Marshall Islands,2017,35116,111.5,23.9,7.84,16.9,VLSFO,0,B,0,NSBB,18
4761925,Endless Star,HP5AY0,Feeder,1765,151,CY,Cyprus,2017,20279,124.5,23.6,8.78,17.7,VLSFO,1,B,0,BVUE,19
6435879,Amber Zenith,XFNDB5,Feeder,1908,129,CY,Cyprus,1998,24391,134.7,20.1,8.97,16.6,VLSFO,1,C,0,XWYU,20
6301195,Majestic Spirit,YTMHT1,Feeder,1889,109,SG,Singapore,2007,22921,150.6,23.5,7.64,17.5,MGO,0,D,1,MGLU,21
1966536,Steady Dawn,4I0PAC,Feeder,2150,313,LR,Liberia,2021,30020,100.6,23.5,7.19,17.4,VLSFO,0,C,0,RADR,22
1945611,Emerald Compass,HUN2I1,Feeder,1126,83,MT,Malta,2002,12287,122.0,24.2,7.47,18.7,VLSFO,0,D,1,MGLU,23
7247554,Silver Spirit,3Q9CZE,Feeder,1818,219,LR,Liberia,2013,19772,136.8,21.3,7.26,18.0,VLSFO,0,D,0,BVUE,24
1421251,Majestic Odyssey,99H88N,Feeder,2513,196,MH,Marshall Islands,2023,25572,158.7,20.6,7.45,16.2,VLSFO,0,B,0,RADR,25
7685615,Evening Crossing,ZHCBHH,Feeder,2493,173,BS,Bahamas,2010,26725,129.4,22.1,7.87,16.7,VLSFO,0,C,0,YQHP,26
5973288,Eastern Navigator,LS2P3X,Feeder,2424,240,PA,Panama,2012,28326,101.2,20.3,7.27,18.6,VLSFO,0,C,1,MGLU,27
3631666,Royal Trader,97PPEY,Feeder,1184,131,HK,Hong Kong,2022,14602,151.2,21.0,8.97,18.6,LNG Dual-Fuel,0,A,0,TZGS,28
1988390,Royal Current,7L3UK0,Feeder,2498,354,MT,Malta,1998,32513,116.0,23.2,8.91,17.9,LNG Dual-Fuel,0,D,0,RADR,29
1779517,Bright Passage,PKUVGM,Feeder,1951,176,LR,Liberia,2014,23079,150.7,24.7,7.01,18.8,VLSFO,0,C,0,BVUE,30
2340806,Golden Voyager,2W6H05,Feeder,1758,194,HK,Hong Kong,2005,22600,116.7,22.9,8.5,17.4,VLSFO,1,E,0,COSU,31
1751242,Majestic Passage,UFA6FS,Feeder,2426,363,LR,Liberia,2004,26355,104.7,20.9,8.84,17.7,VLSFO,1,C,0,TODF,32
2430572,Steady Frontier,ZQ4BZS,Feeder,2580,183,MT,Malta,2000,31366,141.5,22.8,8.12,17.4,MGO,0,C,0,NRNS,33
2656853,Eastern Explorer,10MET8,Feeder,1856,158,MT,Malta,2005,20715,129.9,24.8,8.9,17.5,MGO,0,D,0,HWFT,34
8278574,Royal Frontier,1HD5BY,Feeder,2087,246,CY,Cyprus,1999,27371,106.6,20.7,8.09,17.0,VLSFO,0,D,0,RDXA,35
1394575,Bright Wave,8LVKM7,Feeder,1179,143,SG,Singapore,2005,12462,132.5,20.6,8.08,17.0,VLSFO,0,E,0,MGLU,36
6511128,Atlantic Star,4K1SCM,Feeder,1259,173,MH,Marshall Islands,2006,13885,136.0,20.2,7.14,18.3,Methanol Dual-Fuel,0,D,0,EWZM,37
4453695,Evening Endeavour,L2I9AG,Feeder,2232,325,HK,Hong Kong,2001,23081,157.0,24.7,8.86,16.2,VLSFO,0,C,0,ZIMU,38
4824650,Crystal Summit,QS28Q5,Feeder,2168,184,BS,Bahamas,2024,25946,105.1,23.5,7.27,18.5,VLSFO,1,A,0,OOLU,39
2576821,Silver Mariner,P1Y3GF,Feeder,2877,382,MT,Malta,2004,30276,154.6,22.6,8.76,18.2,VLSFO,0,E,1,MGLU,40
2327232,Silver Horizon,73313C,Feedermax,3013,381,CY,Cyprus,2018,37210,165.2,28.2,10.81,20.1,VLSFO,0,C,0,MGLU,41
1566269,Emerald Frontier,8XBZ0B,Feedermax,4374,363,MT,Malta,2013,43869,166.3,29.0,10.29,20.3,VLSFO,0,B,1,MGLU,42
2119623,Atlantic Legacy,UTIA4F,Feedermax,4295,613,CY,Cyprus,2015,43477,189.2,28.3,10.11,20.7,VLSFO,0,D,0,RDXA,43
4033768,Northern Horizon,2HC5HT,Feedermax,3836,546,BS,Bahamas,2005,50661,198.2,27.7,10.74,19.3,Methanol Dual-Fuel,0,E,0,EGLV,44
1964734,Steady Legacy,T8PM9E,Feedermax,4236,366,BS,Bahamas,2005,44483,177.6,29.8,10.41,19.4,VLSFO,0,E,0,HLCU,45
1757387,Golden Star,R14M73,Feedermax,3760,471,BS,Bahamas,2003,41957,160.4,28.0,10.86,20.6,Methanol Dual-Fuel,0,D,0,AAUW,46
5101782,Grand Current,6IEYPM,Feedermax,3353,335,HK,Hong Kong,2005,34992,176.3,29.6,10.87,19.1,VLSFO,1,D,0,DEFB,47
9663128,Steady Horizon,NL2PAI,Feedermax,4142,215,SG,Singapore,2001,51537,204.1,27.4,10.21,20.2,VLSFO,0,D,1,MGLU,48
1090923,Radiant Trader,N3SXP6,Feedermax,3465,359,LR,Liberia,2023,36910,207.7,28.0,10.22,20.1,LNG Dual-Fuel,0,A,0,NRNS,49
7489724,Bright Harbour,6RUZGI,Feedermax,3639,367,LR,Liberia,2018,43546,187.2,29.6,10.24,20.3,VLSFO,0,C,0,RDXA,50
9579975,Radiant Wave,KN3L3V,Feedermax,3566,436,CY,Cyprus,2020,37973,186.5,29.5,10.96,20.3,LNG Dual-Fuel,0,A,0,ONEY,51
7297456,Steady Harbour,ROQC8D,Feedermax,3511,442,HK,Hong Kong,2006,41831,179.6,29.1,10.51,19.9,VLSFO,1,E,0,OOLU,52
5718066,Sapphire Navigator,YVVI4V,Feedermax,4104,313,SG,Singapore,2021,53514,168.8,27.3,10.87,20.9,VLSFO,1,B,0,EWZM,53
6996031,Morning Zenith,A6ZYYR,Feedermax,3719,273,HK,Hong Kong,2003,40875,178.7,29.0,10.72,20.1,VLSFO,1,C,0,QZRM,54
6196784,Rising Mariner,95QZ7I,Feedermax,3706,372,BS,Bahamas,2023,40644,170.8,27.4,10.94,20.3,VLSFO,0,A,0,PILU,55
7384508,Radiant Horizon,UNVQ08,Feedermax,4329,476,MH,Marshall Islands,2005,57723,192.8,27.3,10.38,20.6,LNG Dual-Fuel,0,D,0,CMDU,56
2131463,Atlantic Dawn,4CTPZJ,Feedermax,4093,406,BS,Bahamas,2003,51536,183.0,29.5,10.46,20.3,VLSFO,0,C,0,MGLU,57
8447450,Morning Frontier,5O0G3B,Feedermax,4345,481,PA,Panama,2018,53329,201.3,29.2,10.36,20.6,MGO,0,B,0,DEFB,58
2925890,Silver Crossing,IPMDGV,Feedermax,3087,358,HK,Hong Kong,2015,33169,195.5,28.1,10.32,19.3,VLSFO,1,C,0,HDMU,59
7732511,Atlantic Wave,A2EBQG,Feedermax,3531,295,HK,Hong Kong,2012,45768,193.7,29.6,10.3,20.0,VLSFO,0,B,0,KXMM,60
6937126,Steady Pioneer,YTRHUG,Feedermax,3884,249,BS,Bahamas,2013,45050,176.4,27.5,10.86,20.3,VLSFO,1,D,1,MGLU,61
2322749,Evening Bridge,KP3JM0,Feedermax,3263,385,BS,Bahamas,2016,35934,166.5,29.8,10.15,19.7,VLSFO,0,C,0,VJBD,62
9058971,Western Navigator,JZMXN3,Feedermax,3082,429,PA,Panama,2017,35374,170.4,28.5,10.42,19.3,VLSFO,1,D,0,MGLU,63
1474612,Pacific Crossing,1VF57A,Feedermax,3682,431,PA,Panama,2004,40311,179.0,27.1,10.21,19.9,VLSFO,1,C,0,GCUQ,64
4736803,Bright Trader,BVXAUQ,Feedermax,3884,574,CY,Cyprus,2013,44556,188.5,29.5,10.0,19.7,LNG Dual-Fuel,0,D,0,VJBD,65
8730754,Bold Explorer,AR7ALK,Feedermax,4364,594,MH,Marshall Islands,1999,46096,206.9,29.2,10.92,19.7,VLSFO,1,E,0,CMDU,66
8038261,Grand Discovery,JAPK5V,Feedermax,3164,355,MT,Malta,2019,35943,184.1,28.7,10.95,19.3,VLSFO,0,C,0,GCUQ,67
7265623,Golden Crossing,6WQNC3,Feedermax,3762,214,LR,Liberia,2023,46356,164.0,28.1,10.4,19.1,Methanol Dual-Fuel,0,C,0,SSZX,68
8106434,Golden Harbour,JEA0UE,Feedermax,3051,251,SG,Singapore,2009,33203,193.2,28.0,10.44,19.5,VLSFO,1,B,0,EWZM,69
1595868,Southern Summit,NYERLB,Feedermax,3974,405,SG,Singapore,2007,40140,169.0,27.2,10.26,19.7,VLSFO,0,D,0,KYLU,70
8030647,Grand Legacy,15NAY4,Feedermax,3874,554,MH,Marshall Islands,2002,41416,200.8,29.4,10.21,20.1,VLSFO,1,D,0,ITIH,71
9751121,Eastern Horizon,XJECID,Feedermax,3128,281,LR,Liberia,2015,40329,172.5,28.3,10.3,19.9,MGO,0,B,1,MGLU,72
8688212,Evening Passage,BDD4SV,Feedermax,3244,228,LR,Liberia,2023,32588,200.7,28.4,10.22,19.4,LNG Dual-Fuel,0,C,0,OTUB,73
1127659,Atlantic Passage,0LW4K7,Feedermax,3435,236,SG,Singapore,2006,35823,193.0,29.2,10.08,19.4,LNG Dual-Fuel,0,C,0,YMLU,74
3103176,Golden Passage,09IWST,Feedermax,4327,463,CY,Cyprus,2025,60291,196.6,27.4,10.69,20.3,VLSFO,0,B,0,LGMA,75
5366825,Bright Navigator,EJMIXF,Feedermax,4472,329,LR,Liberia,2016,60163,189.9,27.4,10.12,19.5,VLSFO,0,D,0,QIFV,76
9008263,Amber Star,8E0Q7U,Feedermax,4368,349,PA,Panama,2014,46760,171.2,28.3,10.61,19.9,LNG Dual-Fuel,0,D,0,HLCU,77
1995551,Sapphire Compass,742ATT,Feedermax,3240,284,PA,Panama,2010,43933,185.2,27.4,10.01,19.9,LNG Dual-Fuel,0,D,0,HMSS,78
3587657,Sapphire Spirit,XX00ZY,Feedermax,3019,253,SG,Singapore,2018,32272,196.6,28.3,10.38,20.3,VLSFO,0,B,0,RADR,79
5094159,Silver Wave,OCBU3Q,Feedermax,3106,363,HK,Hong Kong,2006,43391,206.0,29.8,10.93,20.4,VLSFO,0,D,1,MGLU,80
1639846,Evening Compass,OP5LDW,Handysize,5812,637,BS,Bahamas,1999,74818,222.2,32.0,11.6,20.5,VLSFO,0,D,1,MGLU,81
5319781,Majestic Current,EA5LE2,Handysize,4946,434,PA,Panama,2018,58578,212.5,31.3,11.45,21.2,VLSFO,0,C,0,AAUW,82
3833458,Northern Discovery,95UX30,Handysize,4658,351,SG,Singapore,2018,55619,210.7,30.8,11.05,20.2,MGO,0,B,0,PILU,83
1275535,Golden Endeavour,DMJOEB,Handysize,4666,456,BS,Bahamas,1998,51691,214.1,30.9,11.2,21.5,Methanol Dual-Fuel,0,D,0,PILU,84
6079807,Sapphire Star,FIFE5I,Handysize,5449,588,MH,Marshall Islands,2015,71372,221.2,30.6,11.04,20.0,MGO,0,B,0,RADR,85
6755322,Steady Navigator,14S51D,Handysize,4932,599,CY,Cyprus,2012,55545,214.1,30.5,11.92,21.6,VLSFO,0,C,0,DEFB,86
4897841,Rising Spirit,HAZQFU,Handysize,5116,699,LR,Liberia,2016,63817,220.5,31.4,11.56,21.0,VLSFO,0,B,0,MGLU,87
2051493,Morning Explorer,9UAUB5,Handysize,5066,398,BS,Bahamas,2017,67369,220.1,31.8,11.25,20.8,VLSFO,0,D,0,EWZM,88
1230339,Steady Odyssey,27SV4Q,Handysize,4528,309,MT,Malta,2000,47212,211.4,30.3,11.22,21.4,VLSFO,0,E,0,QIFV,89
4438712,Morning Trader,B7XO7I,Handysize,5764,310,LR,Liberia,2015,65979,230.0,31.9,11.28,21.0,VLSFO,0,D,0,CMDU,90
3500776,Radiant Frontier,6NU5QM,Handysize,5839,314,LR,Liberia,2003,81519,221.0,31.1,11.76,21.1,VLSFO,0,C,0,JJRK,91
8032334,Grand Star,ORFEA6,Handysize,4953,491,CY,Cyprus,2002,54615,221.0,30.4,11.83,20.9,LNG Dual-Fuel,0,D,0,YMLU,92
9389928,Royal Endeavour,FZRVUO,Handysize,4763,397,MH,Marshall Islands,2012,54115,220.6,30.2,11.27,21.0,VLSFO,1,B,0,AXJE,93
9133496,Northern Wave,4DDCXG,Handysize,5146,755,SG,Singapore,2012,55219,211.5,31.9,11.41,20.0,VLSFO,0,D,0,MGLU,94
6679968,Noble Navigator,F5MQPB,Handysize,5566,312,LR,Liberia,2005,76467,212.2,30.5,11.89,20.4,VLSFO,1,D,1,MGLU,95
2340038,Endless Current,30HQM1,Handysize,4941,597,PA,Panama,1999,64597,221.9,30.9,11.64,20.7,VLSFO,0,C,0,BVUE,96
1863502,Endless Frontier,MC0BVB,Handysize,4681,237,CY,Cyprus,2018,49105,214.1,30.8,11.99,21.0,VLSFO,0,A,0,RDXA,97
8934647,Crystal Bridge,CF8Q28,Handysize,5281,563,LR,Liberia,2003,73917,210.8,30.5,11.76,21.5,VLSFO,1,D,0,NSBB,98
1912585,Sapphire Mariner,8417RL,Handysize,4784,262,MT,Malta,2014,47865,213.0,31.9,11.83,21.8,VLSFO,0,B,1,MGLU,99
2459982,Emerald Odyssey,O6USG9,Handysize,5556,379,PA,Panama,2002,71222,225.1,31.2,11.17,20.1,VLSFO,1,C,0,PILU,100
2682096,Steady Passage,KAY8LG,Handysize,5900,664,MH,Marshall Islands,2024,73297,218.2,31.1,11.62,20.5,VLSFO,0,A,1,MGLU,101
3400196,Northern Voyager,Q15NHM,Handysize,4610,603,CY,Cyprus,2011,63352,211.2,31.9,11.29,20.2,VLSFO,0,D,0,TODF,102
6275401,Evening Trader,1ORDO0,Handysize,5703,637,HK,Hong Kong,2009,60461,223.8,31.5,11.51,21.8,LNG Dual-Fuel,0,C,0,ZIMU,103
2795738,Evening Dawn,MYYBLI,Handysize,4721,389,LR,Liberia,2018,54816,223.2,31.1,11.32,21.8,LNG Dual-Fuel,0,B,0,TZGS,104
9269312,Royal Crossing,QM53SX,Handysize,5016,718,HK,Hong Kong,2018,52665,210.4,31.2,11.68,21.1,VLSFO,0,C,0,EGLV,105
1347584,Bold Passage,JJTFPV,Handysize,5312,511,MT,Malta,2004,63933,225.2,31.2,11.19,21.4,LNG Dual-Fuel,0,D,0,ZIMU,106
2958639,Noble Pioneer,R3WL7F,Handysize,4939,307,HK,Hong Kong,2009,49935,212.5,31.2,11.97,20.6,VLSFO,0,B,0,ZIMU,107
1536458,Morning Legacy,69ED20,Handysize,5209,455,BS,Bahamas,2019,53234,218.8,31.4,11.26,20.1,VLSFO,0,C,1,MGLU,108
2425462,Radiant Mariner,KUMB1M,Handysize,5494,689,HK,Hong Kong,1998,59968,227.2,31.9,11.07,20.9,MGO,0,D,1,MGLU,109
5274747,Amber Trader,CLB8Z8,Handysize,350,303,HK,Hong Kong,2012,61488,226.5,31.6,11.21,21.4,MGO,0,C,1,MGLU,110
1384922,Eastern Mariner,2JKUM4,Handysize,4868,715,MT,Malta,2012,49412,212.2,30.4,11.13,21.2,Methanol Dual-Fuel,0,B,0,COSU,111
4137318,Southern Current,OTHVYV,Handysize,5407,574,HK,Hong Kong,2016,69974,225.7,31.0,11.13,20.3,LNG Dual-Fuel,0,C,0,HLCU,112
4809832,Southern Dawn,FIYURC,Handysize,5382,356,BS,Bahamas,2012,55587,215.7,30.1,11.2,21.0,MGO,0,B,0,DKGB,113
8107141,Crystal Dawn,JDAWPJ,Handysize,5514,696,LR,Liberia,2020,63039,213.1,30.5,11.79,20.5,VLSFO,1,A,0,QGEB,114
1799218,Emerald Voyager,2H3EGP,Handysize,5723,752,PA,Panama,2017,77585,215.7,31.7,11.55,20.3,Methanol Dual-Fuel,0,B,0,MSCU,115
7489073,Bold Trader,IB3FVL,Panamax,6874,828,PA,Panama,1998,90972,249.1,32.5,12.35,22.8,VLSFO,0,C,0,TZGS,116
5652705,Grand Trader,CTEWBB,Panamax,6914,592,PA,Panama,1999,72537,247.3,32.1,12.03,22.5,VLSFO,0,E,0,MSCU,117
6589084,Bright Frontier,WD5K0O,Panamax,6127,386,CY,Cyprus,2016,67851,246.2,32.7,12.11,22.5,LNG Dual-Fuel,0,B,0,MGLU,118
1609449,Sapphire Crossing,UX6NHZ,Panamax,6585,416,CY,Cyprus,2025,91511,237.1,33.6,12.59,22.8,LNG Dual-Fuel,0,C,1,MGLU,119
3865669,Rising Current,ENNN26,Panamax,7012,577,LR,Liberia,2004,72843,255.4,33.3,12.78,22.3,VLSFO,0,C,0,QZRM,120
5709704,Crystal Zenith,FSG19M,Panamax,8166,678,HK,Hong Kong,2011,98955,257.5,32.9,12.7,22.3,VLSFO,0,C,0,NRNS,121
3720546,Silver Frontier,2H87NH,Panamax,8035,412,LR,Liberia,2000,82599,284.9,32.7,12.83,22.0,VLSFO,1,D,1,MGLU,122
8639649,Bold Spirit,514FVQ,Panamax,6702,516,PA,Panama,2006,85177,256.3,35.2,12.64,22.0,MGO,0,E,0,KXMM,123
9105580,Grand Pioneer,VHH8YV,Panamax,6549,472,PA,Panama,2004,88918,230.9,33.7,12.71,22.2,VLSFO,0,E,0,KYLU,124
2267810,Western Passage,03T8N1,Panamax,6226,782,MT,Malta,1999,74960,264.0,33.9,12.11,22.9,Methanol Dual-Fuel,0,E,0,MGLU,125
5966211,Pacific Mariner,NJQ42F,Panamax,6260,812,HK,Hong Kong,2023,66809,255.9,32.8,12.05,22.0,VLSFO,0,C,0,QZRM,126
3861326,Sapphire Zenith,DYXTW8,Panamax,8326,1079,CY,Cyprus,2020,115439,268.9,35.5,12.72,22.2,VLSFO,0,C,0,MGLU,127
6189547,Noble Current,FYYEIZ,Panamax,6548,744,HK,Hong Kong,2003,81395,244.7,32.9,12.35,23.0,VLSFO,0,C,0,XWYU,128
4393845,Pacific Voyager,N6M9C3,Panamax,7340,963,MH,Marshall Islands,2005,83850,266.5,33.1,12.27,22.9,LNG Dual-Fuel,0,C,1,MGLU,129
3442443,Radiant Navigator,A9JB6G,Panamax,7089,844,PA,Panama,2000,86845,230.7,33.4,12.64,22.9,VLSFO,0,E,0,MAEU,130
6778233,Emerald Pioneer,R80BGT,Panamax,7078,854,CY,Cyprus,2010,82386,281.1,33.7,12.89,22.9,VLSFO,0,D,1,MGLU,131
9636096,Royal Bridge,6XWKFW,Panamax,7476,1055,PA,Panama,2015,104139,281.4,32.6,12.38,22.3,VLSFO,0,C,0,RADR,132
5672286,Evening Discovery,28CF2J,Panamax,6826,994,LR,Liberia,2007,77105,255.5,34.3,12.27,22.4,Methanol Dual-Fuel,0,C,1,MGLU,133
1221106,Noble Mariner,838LIM,Panamax,7309,923,MT,Malta,2020,97149,266.4,34.4,12.0,22.3,VLSFO,0,B,0,HDMU,134
4684593,Golden Dawn,9HW6VY,Panamax,6717,821,PA,Panama,1999,81690,276.1,35.6,12.92,22.9,LNG Dual-Fuel,0,C,0,DKGB,135
4515388,Southern Zenith,X6YLEX,Panamax,6485,593,SG,Singapore,2001,69475,257.1,34.6,12.89,22.6,VLSFO,0,D,1,MGLU,136
6174607,Atlantic Horizon,AY14E3,Panamax,7573,489,HK,Hong Kong,2012,84911,234.9,34.8,12.1,22.2,VLSFO,0,B,0,YQHP,137
8111996,Emerald Horizon,YJPKMF,Panamax,7777,400,MT,Malta,1998,106487,283.3,32.4,12.31,22.2,VLSFO,0,D,0,NNJE,138
6175065,Endless Odyssey,G033GS,Panamax,7007,793,MH,Marshall Islands,2012,85086,275.7,34.9,12.56,22.8,VLSFO,1,C,0,ITIH,139
7433579,Sapphire Current,SZ54HV,Panamax,7107,444,BS,Bahamas,2000,83767,287.4,32.4,12.08,23.0,VLSFO,0,C,0,AAUW,140
9743318,Grand Harbour,SXQ1O9,Panamax,7015,658,BS,Bahamas,2016,97074,283.2,35.3,12.61,22.9,LNG Dual-Fuel,0,B,0,RADR,141
6235683,Bright Summit,NZ657K,Panamax,6489,541,LR,Liberia,1999,76450,244.3,32.3,12.87,22.2,LNG Dual-Fuel,0,D,1,MGLU,142
7176327,Bright Horizon,3WPQX0,Panamax,8348,810,LR,Liberia,2001,96529,273.7,35.0,12.19,22.2,LNG Dual-Fuel,0,E,0,KYLU,143
8777996,Pacific Spirit,RQVGMY,Panamax,6311,343,SG,Singapore,2004,68277,249.1,34.2,12.71,22.1,MGO,0,C,0,DEFB,144
7014696,Western Legacy,I17ZYO,Panamax,8189,880,MT,Malta,2015,97332,244.4,33.3,12.65,22.1,VLSFO,0,B,0,COSU,145
9889605,Pacific Bridge,OCHTNC,Panamax,7809,535,PA,Panama,1999,104601,243.5,35.7,12.48,22.9,VLSFO,0,E,0,HLCU,146
1320964,Grand Voyager,ECYYVW,Panamax,7902,676,MH,Marshall Islands,2022,103997,261.2,32.7,12.74,22.1,LNG Dual-Fuel,0,A,0,DKGB,147
3186178,Bright Bridge,GJ8QIT,Panamax,8172,653,MT,Malta,2020,111690,231.0,32.9,12.24,22.7,VLSFO,0,A,0,QIFV,148
4963066,Golden Summit,E01AJO,Panamax,6053,799,CY,Cyprus,2024,72608,265.1,32.2,12.05,22.7,VLSFO,0,B,0,OTUB,149
1833959,Northern Crossing,YPPJIZ,Panamax,6845,825,HK,Hong Kong,2009,81863,246.9,32.8,12.28,22.7,VLSFO,1,C,0,KXMM,150
3450933,Bright Mariner,311ZNS,Post-Panamax,11072,1151,PA,Panama,2019,112494,308.9,41.0,13.84,23.5,VLSFO,0,C,0,NRNS,151
7821805,Bright Crossing,YW0UGY,Post-Panamax,9873,1054,PA,Panama,2010,133377,318.0,40.6,13.59,23.7,VLSFO,1,B,1,MGLU,152
3826601,Endless Trader,QY4805,Post-Panamax,9735,492,MH,Marshall Islands,2023,114127,299.4,40.3,13.3,23.7,VLSFO,0,A,0,XWYU,153
8056562,Eastern Bridge,J0JOFD,Post-Panamax,11261,620,CY,Cyprus,2025,131288,311.4,43.6,13.87,23.4,VLSFO,0,B,0,EGLV,154
3668695,Bold Zenith,S5UVN1,Post-Panamax,10945,630,HK,Hong Kong,2000,121043,316.5,41.4,13.73,23.5,VLSFO,1,C,1,MGLU,155
1034096,Morning Voyager,10LW8N,Post-Panamax,11806,1232,HK,Hong Kong,2013,137087,301.9,42.7,13.6,23.3,Methanol Dual-Fuel,0,B,0,HWFT,156
1988273,Steady Zenith,11RE4N,Post-Panamax,9181,1015,BS,Bahamas,2008,99865,297.5,41.0,13.63,23.0,VLSFO,1,B,0,CMDU,157
1163823,Rising Voyager,N10OJ3,Post-Panamax,10293,1117,MT,Malta,2006,125013,303.1,40.5,13.41,23.5,VLSFO,0,E,0,RCAH,158
8476918,Emerald Summit,3XTENM,Post-Panamax,10384,1501,PA,Panama,2005,120821,303.5,41.4,13.32,23.8,VLSFO,0,C,0,QZRM,159
6394257,Atlantic Trader,ILYWUS,Post-Panamax,8841,856,BS,Bahamas,2009,100504,318.2,43.3,13.98,23.3,VLSFO,1,C,1,MGLU,160
7891898,Emerald Spirit,JK4H28,Post-Panamax,11912,1451,BS,Bahamas,2006,165286,295.9,41.5,13.57,23.5,VLSFO,0,C,1,MGLU,161
7505798,Steady Current,ZPSE6B,Post-Panamax,8808,1227,PA,Panama,2017,108667,297.9,44.4,13.25,23.9,VLSFO,1,C,0,SSZX,162
2998249,Royal Compass,PO69LJ,Post-Panamax,11824,999,CY,Cyprus,2018,158507,316.8,41.7,13.51,23.5,VLSFO,0,B,0,QGEB,163
8696790,Crystal Harbour,IQL9G2,Post-Panamax,10251,663,HK,Hong Kong,2004,128086,290.1,42.6,13.78,23.2,VLSFO,0,E,0,NSBB,164
9541899,Silver Pioneer,4AQ4KP,Post-Panamax,9200,983,MH,Marshall Islands,2001,96793,307.0,42.5,13.5,23.9,VLSFO,0,C,1,MGLU,165
5296393,Southern Mariner,2Q0EOI,Post-Panamax,10086,1345,MH,Marshall Islands,2012,123581,317.4,42.7,13.04,23.9,VLSFO,0,D,0,HWFT,166
1443182,Grand Passage,2U0ZW2,Post-Panamax,9090,609,PA,Panama,2025,126123,291.6,42.3,13.92,23.5,VLSFO,0,A,1,MGLU,167
8342040,Pacific Trader,Z6N218,Post-Panamax,9894,868,MH,Marshall Islands,2017,113202,304.0,40.6,13.48,23.7,VLSFO,0,D,0,XWYU,168
8767032,Morning Harbour,7M94OG,Post-Panamax,8605,736,CY,Cyprus,2012,108051,298.6,44.5,13.65,23.7,VLSFO,1,D,0,GCUQ,169
3946413,Emerald Dawn,4RKM53,Post-Panamax,10310,1262,MT,Malta,2025,130035,296.8,42.6,13.87,23.6,VLSFO,0,C,1,MGLU,170
3752874,Evening Navigator,9BOUKU,Post-Panamax,10941,1408,HK,Hong Kong,2016,133831,317.2,43.2,13.79,23.8,Methanol Dual-Fuel,0,D,1,MGLU,171
3418569,Endless Mariner,GT4RAE,Post-Panamax,11595,625,MH,Marshall Islands,2019,117778,291.9,41.8,13.71,23.5,VLSFO,0,A,0,GCUQ,172
4563323,Northern Odyssey,JEWGXI,Post-Panamax,8798,706,HK,Hong Kong,2016,102604,311.5,41.4,13.87,24.0,MGO,0,B,0,BVUE,173
6460903,Northern Bridge,4X4XHV,Post-Panamax,9076,960,MH,Marshall Islands,2001,122630,300.0,44.2,13.15,23.7,LNG Dual-Fuel,0,D,0,RCAH,174
4893651,Steady Trader,N0A4VM,Post-Panamax,9804,1070,MH,Marshall Islands,2021,119217,316.9,43.4,13.73,23.7,VLSFO,1,A,1,MGLU,175
2668038,Noble Wave,WH83W9,Post-Panamax,11945,1061,SG,Singapore,2007,128221,301.3,40.6,13.82,23.4,LNG Dual-Fuel,0,E,0,MAEU,176
7170713,Silver Current,OROA11,Post-Panamax,9491,1198,LR,Liberia,2011,118396,305.5,40.8,13.89,23.9,VLSFO,0,B,0,BVUE,177
6753506,Pacific Zenith,WHTAFW,Post-Panamax,11816,1716,MT,Malta,2005,121283,313.4,40.1,13.64,23.1,VLSFO,0,D,0,HWFT,178
3857349,Western Zenith,8G11RE,Post-Panamax,10657,1484,CY,Cyprus,1998,129647,312.5,43.3,13.66,23.9,VLSFO,0,E,1,MGLU,179
4294570,Noble Voyager,F17TF5,Post-Panamax,8721,1278,SG,Singapore,2005,114343,317.0,42.6,13.66,23.2,VLSFO,0,C,1,MGLU,180
6876138,Radiant Endeavour,NV3ZNN,Post-Panamax,9204,497,BS,Bahamas,2011,93979,313.6,43.6,13.01,23.4,VLSFO,0,C,0,MGLU,181
4979431,Emerald Discovery,95OTDZ,Post-Panamax,10882,900,MT,Malta,1999,116599,312.4,40.9,13.3,23.3,MGO,0,D,0,YMLU,182
8707549,Sapphire Endeavour,3ALIYE,Post-Panamax,9004,992,PA,Panama,2015,90273,305.5,44.0,13.1,23.6,MGO,0,B,1,MGLU,183
4170281,Majestic Harbour,VSD1I1,Post-Panamax,9296,613,HK,Hong Kong,2007,98134,313.8,41.8,13.4,23.4,VLSFO,1,E,0,HMSS,184
1666954,Sapphire Trader,I7VVS9,Post-Panamax,8646,913,CY,Cyprus,2011,115136,315.1,42.8,13.63,23.9,VLSFO,1,B,0,EGLV,185
9610274,Emerald Harbour,4W3KTP,Neo-Panamax,13332,1910,CY,Cyprus,2000,161552,345.7,49.6,14.03,23.5,VLSFO,0,C,0,NSBB,186
4266779,Steady Bridge,EJ90Y2,Neo-Panamax,13624,1033,MH,Marshall Islands,2014,151280,337.8,50.0,14.51,23.4,VLSFO,0,D,0,GCUQ,187
3049590,Eastern Star,GINC34,Neo-Panamax,15173,2258,HK,Hong Kong,2020,176969,323.2,49.5,14.15,23.7,VLSFO,0,A,0,ONEY,188
9874715,Royal Wave,2Z7CAQ,Neo-Panamax,15106,1312,SG,Singapore,2013,188194,338.0,49.4,14.75,23.3,VLSFO,0,D,0,WHLC,189
1042641,Eastern Legacy,YSQWMR,Neo-Panamax,15123,1122,SG,Singapore,2002,176268,327.1,49.6,14.11,23.2,VLSFO,1,E,1,MGLU,190
4856457,Rising Horizon,F7ZYDJ,Neo-Panamax,13575,1861,MH,Marshall Islands,2001,138984,359.0,49.2,14.7,23.1,VLSFO,0,C,1,MGLU,191
2602321,Western Explorer,RCVQA1,Neo-Panamax,14093,1317,SG,Singapore,2005,160862,345.1,50.9,14.69,23.1,VLSFO,0,E,0,BVUE,192
3590006,Bold Dawn,LKPX7X,Neo-Panamax,13611,1624,MT,Malta,2003,185846,322.0,50.4,14.52,23.9,VLSFO,0,E,0,HDMU,193
1420570,Eastern Discovery,IGMNVD,Neo-Panamax,13129,1273,SG,Singapore,2009,164156,327.0,48.8,14.19,23.7,VLSFO,0,B,1,MGLU,194
3664027,Eastern Pioneer,DPYCJI,Neo-Panamax,13511,1707,MT,Malta,2004,184263,341.7,49.0,14.24,23.1,VLSFO,1,C,0,NRNS,195
9782778,Southern Star,V3ET98,Neo-Panamax,15159,2050,PA,Panama,2020,180489,354.3,50.2,14.51,23.4,MGO,0,B,0,ONEY,196
5776379,Western Star,T1JDJ6,Neo-Panamax,14185,1149,BS,Bahamas,2003,184450,338.1,49.9,14.82,23.8,MGO,0,D,0,HLCU,197
4891354,Evening Pioneer,K20QJ2,Neo-Panamax,14312,738,BS,Bahamas,2011,184497,337.0,50.9,14.86,23.5,VLSFO,0,B,1,MGLU,198
2970728,Morning Wave,UMWH5Q,Neo-Panamax,14364,1424,BS,Bahamas,2009,177482,334.9,48.7,14.55,23.1,VLSFO,0,B,0,MSCU,199
8361656,Majestic Crossing,8RLDXL,Neo-Panamax,14266,1084,PA,Panama,2006,167330,326.0,49.0,14.98,23.3,Methanol Dual-Fuel,0,E,0,AXJE,200
7077492,Majestic Mariner,TXEH9X,Neo-Panamax,21000,1012,LR,Liberia,2000,192597,354.9,48.2,14.06,23.8,VLSFO,0,E,0,QZRM,201
5907277,Crystal Horizon,028FMB,Neo-Panamax,13568,1983,MH,Marshall Islands,2002,167177,350.1,48.3,14.56,23.2,VLSFO,0,D,0,ITIH,202
2599275,Royal Dawn,V7TH5D,Neo-Panamax,12693,1140,HK,Hong Kong,2017,137424,345.9,49.1,14.88,23.1,VLSFO,0,D,0,AAUW,203
5662619,Amber Legacy,ILWYGW,Neo-Panamax,15195,947,LR,Liberia,2008,163102,359.3,48.0,14.77,23.8,VLSFO,0,C,0,QGEB,204
8572384,Crystal Navigator,PVX3XP,Neo-Panamax,13825,1718,MT,Malta,1998,152258,359.9,49.6,14.13,23.7,VLSFO,1,D,0,AXJE,205
8761038,Royal Star,CWOSTH,Neo-Panamax,15022,1012,SG,Singapore,1998,166409,333.1,49.4,14.19,23.8,VLSFO,0,D,0,ONEY,206
6963292,Endless Navigator,9U7IUJ,Neo-Panamax,15069,1474,PA,Panama,2025,176426,344.5,49.6,14.81,23.2,VLSFO,0,A,0,ZIMU,207
4226171,Majestic Summit,51620E,Neo-Panamax,14911,1752,LR,Liberia,2016,184329,320.0,49.0,14.91,23.8,VLSFO,0,B,1,MGLU,208
8024662,Southern Trader,L6ODS5,Neo-Panamax,13142,963,PA,Panama,2022,159558,321.2,48.0,14.14,23.2,VLSFO,0,B,0,EGLV,209
5165984,Grand Crossing,X8UGNG,Neo-Panamax,13425,844,MH,Marshall Islands,2016,155013,347.3,49.1,14.47,23.1,VLSFO,1,C,0,RADR,210
3353018,Royal Passage,OJE1S2,Neo-Panamax,15862,1456,SG,Singapore,2009,217384,328.9,50.7,14.61,23.7,VLSFO,0,D,0,HWFT,211
8552607,Golden Odyssey,YESXVK,Neo-Panamax,14306,1740,SG,Singapore,2022,149112,327.9,50.8,14.33,23.6,VLSFO,1,C,0,MGLU,212
7603409,Amber Voyager,N05A38,Neo-Panamax,99999,1521,SG,Singapore,2004,149975,327.6,50.6,14.39,23.0,LNG Dual-Fuel,0,E,0,SSZX,213
4322107,Western Pioneer,XCAD6S,Neo-Panamax,12817,1131,LR,Liberia,2015,148575,351.9,50.8,14.16,23.3,VLSFO,0,B,0,YAHK,214
5396741,Bold Navigator,KWVKXS,Neo-Panamax,14564,2169,CY,Cyprus,2014,150323,333.9,50.6,14.03,23.9,VLSFO,1,D,0,JJRK,215
3006536,Bold Harbour,AKKZAF,ULCV,16177,982,MT,Malta,2014,166631,385.9,52.5,15.2,22.1,VLSFO,0,B,0,SSZX,216
2275855,Evening Mariner,9UJU5D,ULCV,19260,2104,CY,Cyprus,2016,208199,386.7,52.1,16.24,22.5,VLSFO,0,C,0,TZGS,217
2259215,Eastern Odyssey,AZ2ZLS,ULCV,17867,1637,HK,Hong Kong,1998,247680,377.2,58.1,16.97,22.6,VLSFO,0,D,0,CMDU,218
4777429,Sapphire Wave,TO9S1L,ULCV,21762,1600,LR,Liberia,2002,284914,393.4,53.8,16.12,22.5,VLSFO,0,E,0,TZGS,219
4497720,Emerald Endeavour,TE1XLZ,ULCV,20519,1824,MH,Marshall Islands,2021,278756,373.7,52.8,15.14,22.7,VLSFO,1,A,0,VJBD,220
4831976,Atlantic Harbour,3ETQJL,ULCV,16073,1131,LR,Liberia,2015,198810,387.5,59.2,16.55,22.4,VLSFO,0,B,0,GCUQ,221
7756696,Crystal Discovery,4HUZEU,ULCV,16048,2369,SG,Singapore,2009,180301,384.5,57.0,16.87,22.3,VLSFO,0,C,0,XWYU,222
2809046,Amber Summit,UPXBKA,ULCV,23278,2762,SG,Singapore,1998,265770,393.0,55.8,15.22,22.0,VLSFO,1,C,0,YAHK,223
4481161,Southern Legacy,CU056P,ULCV,16719,2099,SG,Singapore,2014,214448,387.5,60.2,15.71,22.8,VLSFO,0,C,0,RADR,224
3190351,Atlantic Frontier,A7SVVC,ULCV,23441,2880,CY,Cyprus,2008,298098,395.3,52.3,15.14,22.4,VLSFO,1,D,0,HMSS,225
6800256,Morning Odyssey,AY6T44,ULCV,18575,1449,HK,Hong Kong,2015,234620,388.3,57.4,16.23,22.4,VLSFO,0,D,1,MGLU,226
3289841,Noble Horizon,36V6NC,ULCV,16929,1896,PA,Panama,2022,198466,387.6,59.6,16.66,22.2,VLSFO,0,B,0,TODF,227
9418004,Majestic Frontier,DV0TFZ,ULCV,17284,1343,BS,Bahamas,2005,201526,384.3,54.9,15.29,22.2,VLSFO,1,E,0,OTUB,228
8150502,Atlantic Navigator,COYSYL,ULCV,17866,2437,BS,Bahamas,2018,221271,384.6,57.8,16.66,22.4,VLSFO,0,C,0,AXJE,229
9405411,Northern Passage,XH6E1H,ULCV,17476,2488,MT,Malta,2018,175361,384.2,54.2,15.25,22.8,VLSFO,0,B,0,BVUE,230
8264602,Radiant Explorer,YO022Q,ULCV,21566,2902,MT,Malta,2003,241730,397.9,60.9,15.12,22.8,VLSFO,0,D,0,PILU,231
1057191,Atlantic Bridge,YAT4N8,ULCV,18219,1859,MH,Marshall Islands,2007,228041,370.4,54.5,15.16,22.5,VLSFO,0,E,0,QZRM,232
4740713,Bright Dawn,X5B0NZ,ULCV,17664,1697,SG,Singapore,2012,187482,389.9,56.5,15.44,22.7,VLSFO,0,B,0,PILU,233
3046964,Rising Crossing,IC6UV6,ULCV,22153,2546,LR,Liberia,2023,291257,367.1,54.7,16.87,22.7,VLSFO,0,B,0,OTUB,234
6757289,Rising Explorer,O3S5OQ,ULCV,22429,1153,SG,Singapore,2017,237199,366.3,55.6,15.71,22.1,VLSFO,0,D,0,ONEY,235
9512525,Golden Trader,4ILBKS,ULCV,21836,1143,PA,Panama,2004,231393,392.8,58.0,15.0,23.0,VLSFO,0,C,0,CMDU,236
1565899,Bold Discovery,ZBBA4Q,ULCV,23715,2136,HK,Hong Kong,2025,315989,390.5,55.4,15.12,22.3,VLSFO,0,A,0,YQHP,237
9592757,Grand Summit,NLYXMG,ULCV,16783,2461,MH,Marshall Islands,2002,195125,367.7,59.6,15.11,22.5,LNG Dual-Fuel,0,E,0,XWYU,238
3608671,Crystal Star,SVPB9T,ULCV,20272,1657,HK,Hong Kong,2008,251865,377.0,60.3,16.61,22.2,VLSFO,0,B,0,BVUE,239
